code,model_ocr,model_in_name,name_ocr,quantity,section,page
101001133,FARSTYG2T,F4R5TYG2T,غسلة ملايس ال حى 8 ك 1400 لفة -F4R5TYG2T,1.00,غسالات ملابس/LG موديلات,p01.png
101001134,FARSVGG2E,4R5VGG2E,استلمم افول 200 بلة ملايس ال جى 9 ك و5 ك مجنف-4R5VGG2E,1.00,غسالات ملابس/LG موديلات,p01.png
101001155,FAJ3TMGSP,F4J3TMG5P,ل حى غسالة فول أوتوماتيك B كيلو.F4J3TMG5P,1.00,غسالات ملابس/LG موديلات,p01.png
101001156,FWT2116BS,,,1.00,غسالات ملابس/LG موديلات,p01.png
101001173,FWT1310BG,FWT1310BG,غسالة واش تور بالمجلف -FWT1310BG,1.00,غسالات ملابس/LG موديلات,p01.png
101001188,FOZEDYP24,FOZGDYP24,ال حى غسالة ملابس تحميل امامى - FOZGDYP24,1.00,غسالات ملابس/LG موديلات,p01.png
101001190,FOZBDYP24,,,1.00,غسالات ملابس/LG موديلات,p01.png
101001192,FOZEDRP24,0Z6DRP24,لا جى غسالة ملابس تحميل امامى 0Z6DRP24 - 15,1.00,غسالات ملابس/LG موديلات,p01.png
101001193,F4Y2TYGYP,F4Y2TYGYP,غسالة ملابس ال حى اتحميل امامى 8 ك - F4Y2TYGYP,1.00,غسالات ملابس/LG موديلات,p01.png
101001194,F4Y20YG6P,F4Y2QYG6P,ال جى غسلة ملابس 7 كيلو 1400 لفه-F4Y2QYG6P,1.00,غسالات ملابس/LG موديلات,p01.png
107001797,F4Y2VYGYP,F4Y2VYGYP,ال جى غسالة ملابس 9 كيلر 1400 لنه - F4Y2VYGYP,1.00,غسالات ملابس/LG موديلات,p01.png
101001196,F4Y2TYGYZ,F4Y2TYGYZ,غسالة قول اتوماتيك ال جى الفرتر F4Y2TYGYZ - 8,1.00,غسالات ملابس/LG موديلات,p01.png
101001199,F4Y2TYGEX,F4Y2TYGGX,غساله ال حى اوتوماتيك 8كيلو - F4Y2TYGGX,1.00,غسالات ملابس/LG موديلات,p01.png
101001202,F4X5EYG24,F4X5EYG24,ل جى غسالة ملايس أمامية التحميل سعة - F4X5EYG24,1.00,غسالات ملابس/LG موديلات,p01.png
101001207,T23X5EHHSTX,,,1.00,غسالات ملابس/LG موديلات,p01.png
101001208,T13V1TEHGX,T13V1TEHGX,نسالة ال جي فرق اتوماتيك 13 كبار - T13V1TEHGX,,غسالات ملابس/LG موديلات,p01.png
101001215,FWT25WBS,FWT25WBS,غسالة ملابس ال حى - FWT25WBS,,غسالات ملابس/LG موديلات,p01.png
101001216,FWT25WSS,FWT25WSS,غسلة ملابس ال جى - FWT25WSS,1.00,غسالات ملابس/LG موديلات,p01.png
101002014,DFB325HS,DFB325HS,غسالة اطباق ال حى 14 فرد-DFB325HS,1.00,غسالات اطباق/LGG موديلات,p01.png
101002018,DFC513FVE,,,1.00,غسالات اطباق/LGG موديلات,p01.png
101002019,DFC287HVS,DFC287HVS,ال جى غسالة اطباق 14 مكان-DFC287HVS,1.00,غسالات اطباق/LGG موديلات,p01.png
101002020,DFC287HMS,DFC287HMS,ال جى غسالة أطباق 14 فرد اسود - DFC287HMS,1.00,غسالات اطباق/LGG موديلات,p01.png
101002021,DFC435FP,DFC435FP,ال جي غسالة اطباق 14 مكان لون سيلفر - DFC435FP,1.00,غسالات اطباق/LGG موديلات,p01.png
101004122,GC-X22FTOEL,GC-X22FTQEL-508,GC-X22FTQEL-508 ياب 4 ثلاجة ال جى,1.00,ثلاجات/LG موديلات,p01.png
101004125,GC-B257SLWL,,,1.00,ثلاجات/LG موديلات,p01.png
101004126,GC-X257COHS,C-X257CQHS,ل حي ثلاجة 24 قدم 665 لتر-C-X257CQHS:,,ثلاجات/LG موديلات,p01.png
101004139,GCFB507PQAM,GCFB507PQAM,ثلاجة ال حى انفرتر 519 لتر -GCFB507PQAM,1.00,ثلاجات/LG موديلات,p01.png
101004145,GN-HTZZHFHL,,,1.00,ثلاجات/LG موديلات,p02.png
101004158,GTF569PVAM,,,1.00,ثلاجات/LG موديلات,p02.png
101004159,GTFAORSBAN,,,1.00,ثلاجات/LG موديلات,p02.png
101004169,GRTB622PFBO,GRTB622PFBQ,ل حى ثلاجة تو فروست الفرتر،GRTB622PFBQ,1.00,ثلاجات/LG موديلات,p02.png
707004770,GTF522PVAN,GTF522PVAN,ال حى ثلاجة لوفروست 523 لتر - GTF522PVAN,1.00,ثلاجات/LG موديلات,p02.png
101004173,GTF452SSAN,,,1.00,ثلاجات/LG موديلات,p02.png
101004175,GCFBABFPLAM,,ثلاجة ال ، IUFB٩BFPLAM -تر ة OUE,1.00,ثلاجات/LG موديلات,p02.png
101005007,RHBOT2SP7RM,RHBOT2SP7RM,بإال جى مجلف بمضخة حرارية سعة - RHBOT2SP7RM,1.00,مجفف ال جى/LG موديلات,p02.png
101005009,RH1OX5TV2NP,RH10X5TV2NP,RH10X5TV2NP - ك 10 مجنف ال جى,1.00,مجفف ال جى/LG موديلات,p02.png
101005010,RH1OX54V2NP,RH1OX54V2NP,RH1OX54V2NP - مجنف ال جى,1.00,مجفف ال جى/LG موديلات,p02.png
101005011,FWT2ODBS,FWT20DBS,ال جى مجفف ملابس 20 ك - FWT20DBS,1.00,مجفف ال جى/LG موديلات,p02.png
101005012,FWT20DSS,FWT2ODSS,FWT2ODSS - ك 20 ال جى مجقف ملابس,1.00,مجفف ال جى/LG موديلات,p02.png
101016001,HU641BBG,,,1.00,سطح ال جى/LG موديلات,p02.png
101016002,CG523626S,,,1.00,سطح ال جى/LG موديلات,p02.png
101018001,WSEZM722552,,,1.00,فرن بلت ان ال جى/LG موديلات,p02.png
101018002,WSED7667M,WSED7667M,ال جي فرن كهرباء بلت إن 60 سم - WSED7667M,,فرن بلت ان ال جى/LG موديلات,p02.png
101018003,WSED7613S,,,1.00,فرن بلت ان ال جى/LG موديلات,p02.png
102002005,,,,,فرن بلت ان ال جى/LG موديلات,p02.png
102016046,,,,,فرن بلت ان ال جى/LG موديلات,p02.png
102016050,,,,1.00,فرن بلت ان ال جى/LG موديلات,p02.png
102016087,,,E53 ALL TCI BUT ابيض,1.00,فرن بلت ان ال جى/LG موديلات,p02.png
102016106,,,,1.00,فرن بلت ان ال جى/LG موديلات,p02.png
102016108,,,,,فرن بلت ان ال جى/LG موديلات,p02.png
102016150,,,,,فرن بلت ان ال جى/LG موديلات,p03.png
102018031,,HC-485,TEKA HC-485 WHITE كهرباء,,فرن بلت ان ال جى/LG موديلات,p03.png
102018085,,,TEKA COMPACT HK 800 S/S كيرباء,,فرن بلت ان ال جى/LG موديلات,p03.png
103004121,WR-4385HSS,WR-4385HSS,ثلاجة 2 باب استانلس 430 لتر - WR-4385HSS,,فرن بلت ان ال جى/LG موديلات,p03.png
103004122,WR-6399AB INV,WR-6399AB,ثلاجة رايت ويل 4 باب اسود - WR-6399AB INV,1.00,فرن بلت ان ال جى/LG موديلات,p03.png
103004127,WR-5395 HBX,WR-5395,ثلاجة وايت ويل 2 باب اسود الفرتر - WR-5395 HBX,,فرن بلت ان ال جى/LG موديلات,p03.png
109004123,WR-4385 HSSX,WR.4385,ثلاجة وايت ويل 2 باب سيلفر - WR.4385 HSSX,,فرن بلت ان ال جى/LG موديلات,p03.png
103004132,WR-4385 HB,WR.4385,ثلاجه جباب أسود 430 لتر بشاشة - WR.4385 HB,,فرن بلت ان ال جى/LG موديلات,p03.png
103004135,WR-6395 HB,WR-6395,ثلاجة 2 باب لو فروست 640 لتر - WR-6395 HB,,فرن بلت ان ال جى/LG موديلات,p03.png
103004136,WR-G43B5HBV,WR-G4385HBV,وايت ويل ثلاجة 2 بابا نوفروست-WR-G4385HBV,,فرن بلت ان ال جى/LG موديلات,p03.png
103018001,WSO.B401M,,,,موديلات وايت ويل لقرن بلت ان وايت ويل,p03.png
103018003,WSO.C301M,WSO-C301M,فرن بلت أن وايت وبل 30 لتر سلفر -WSO-C301M,,موديلات وايت ويل لقرن بلت ان وايت ويل,p03.png
104001007,VH-720,VH-720,غسالة ملابس توشريا حرضين 7ك -VH-720,,موديلات وايت ويل لقرن بلت ان وايت ويل,p03.png
104001064,TWV-FN812BKOA,,,,موديلات وايت ويل لقرن بلت ان وايت ويل,p03.png
104001066,TWE-TLNO9RDS,TWE-TLNO9RDS,TWE-TLNO9RDS - غسالة ملابس تورنيدو فوق,,موديلات وايت ويل لقرن بلت ان وايت ويل,p03.png
104002005,TDV-FN107DDS,TDV-FN1O7DDS,، غسالة أطباق تورنيدو 10 أفراد-TDV-FN1O7DDS,,موديلات توشيبا/ غسالة اطباق تورنيدو,p03.png
104002006,TDV-FN128CDX,,,,موديلات توشيبا/ غسالة اطباق تورنيدو,p03.png
104003012,RH-H1ET-BK,RH-H18T-BK,اتيب فريزز ثورنينو 5 درج 185 لئر - RH-H18T-BK,1.00,موديلات توشيبا/ غسالة اطباق تورنيدو,p04.png
104004101,RF.452BVT-SLS,RF-452BVT-SLS,ثلاجة تورتينو ديجيتال ، فريزر-RF-452BVT-SLS,1.00,موديلات توشيبا/ غسالة اطباق تورنيدو,p04.png
104004126,RF-40FT-SL,AF-4OFT-SL,ثلاجة تورنيتو 2 باب 355 لتر بلازما - AF-4OFT-SL,,موديلات توشيبا/ غسالة اطباق تورنيدو,p04.png
104004138,RF-4OFTX-BK,RF-4OFTX-BK,ثلاجة تورنيدو لوفروست 355 لتر أسود-RF-4OFTX-BK,,موديلات توشيبا/ غسالة اطباق تورنيدو,p04.png
104004142,RF-33FT-SL,RF-33FT-SL,اثلاجة اتورنيدو توفروست 304 لتر سرلفر - RF-33FT-SL,1.00,موديلات توشيبا/ غسالة اطباق تورنيدو,p04.png
104016008,GHV-M6OCCU-G,,GHV-MGOCCU-G- 60 x 60 بسطح تورنيتو بلت ان,1.00,موديلات توشيبالمسطح توشييا,p04.png
105001031,ES-TD15GBKP,TD15GBKP.,: ملايس شارب 15 كجم فرق - TD15GBKP.,1.00,موديلات شارب/ غسالة ملايس شارب,p04.png
105007064,ES-FE752KLE-W,EE75E,غسالة ملابس شارب EE75E,1.00,موديلات شارب/ غسالة ملايس شارب,p04.png
105001035,ES-FP132KLE-G,,غسالة ملابس شارب E1E,1.00,موديلات شارب/ غسالة ملايس شارب,p04.png
105001036,ES-FS104KLE-G,,غسالة ملابس شارب EE,1.00,موديلات شارب/ غسالة ملايس شارب,p04.png
105001038,ES-FSB52KLE-G,,غسالة ملاس شارب E,1.00,موديلات شارب/ غسالة ملايس شارب,p04.png
105001039,ES-DP114KLE-G,,غسالة ملابس شارب EE,1.00,موديلات شارب/ غسالة ملايس شارب,p04.png
105002009,QW-V1015A-BK,,,1.00,موديلات شارب/غسالة اطباق شارب,p04.png
105003002,FJ-EC2TIST,J-EC27,ب فريزر شارب انفرتر ديجيتال -J-EC27(ST,,موديلات شارب/فريزر شارب,p04.png
105004048,SJ-PC5BA(ST,SJ-PC5BA,ثلاجة شارب 2 باب 450 لتر بلازما-SJ-PC5BA(ST,,موديلات شارب/فريزر شارب,p04.png
105004056,SJ-PC4BA(BK,SJ-PC4BA,ثلاجة شارب صباب بلازما384 لتر-SJ-PC4BA(BK,,موديلات شارب/فريزر شارب,p04.png
105004072,SJ.GVE9G-AD,,اثلاجة شارب انفرتر ديجيتال لوفروست-SJ.GVEGG-RD,1.00,موديلات شارب/فريزر شارب,p05.png
105004095,SJ-GV63G-SL,SJ-GV83G-SL,ثلاجة شارب انفرتر ديجيتال لوفروست-SJ-GV83G-SL,1.00,موديلات شارب/فريزر شارب,p05.png
105004113,SJ-PVEOK.BK,,ثلاجة شارب انفرتر 2 باب 450 لتر - SJ.PVGOK-BK,,موديلات شارب/فريزر شارب,p05.png
171001047,B3WFU501040BCI,,,,موديلات بيكو /غسائة ملايعن بيكو,p05.png
111001050,WFSTeeXS,WFST86XS,غسالة ملابس بيكو تحميل أمامى 8 كيلر - WFST86XS,1.00,موديلات بيكو /غسائة ملايعن بيكو,p05.png
111001051,WFST9TXA,WFST97XA,لغة ديجيتال الفرتر رمادي 1200 غساله بيكر وك 1400 لنه ديجيتال - WFST97XA,,موديلات بيكو /غسائة ملايعن بيكو,p05.png
111002016,BDFN15420B,BDFN154208,بيكو غسالة اطباق 14 فرد 5 برامج - BDFN154208,1.00,موديلات بيكو /غسالة اطباق بيكو,p05.png
111002018,BDFN36531XC,BDFN36531XC,بيكو غسالة اطباق 15فرد 6 برامج - BDFN36531XC,1.00,موديلات بيكو /غسالة اطباق بيكو,p05.png
111002020,BDFN26520X0,BDFN26520XQ-60,غسالة اطباق 6 برنامج 15 فرد BDFN26520XQ-60,1.00,موديلات بيكو /غسالة اطباق بيكو,p05.png
177009027,BDFN36531GB,,,,موديلات بيكو /غسالة اطباق بيكو,p05.png
111002028,BDFN36531XCPI,BDFN36531XCP,غسالة أطباق بيكر 60 سم» BDFN36531XCP| - 11,1.00,موديلات بيكو /غسالة اطباق بيكو,p05.png
111003022,RFNM200E208,RFNM200E20B,بيب فريزر بيكو 5 درج راسى - RFNM200E20B,1.00,موديلات بيكو /ديب فريزر بيكو,p05.png
111003025,B3RFNE294XB,,,1.00,موديلات بيكو /ديب فريزر بيكو,p05.png
111003026,B3RFNE274B,,,1.00,موديلات بيكو /ديب فريزر بيكو,p05.png
111004049,RDNE650E60XP,RDNE650E60XP,بيكو ثلاجة 630 لتر صاني-RDNE650E60XP,1.00,موديلات بيكو لثلاجة بيكو,p05.png
111004060,GNE1346262XH,GNE134626ZXH,ثلاجه 4 باب بيكو 626 لتر - GNE134626ZXH,,موديلات بيكو لثلاجة بيكو,p05.png
111004067,B3RDNE500LXBR,B3RDNE500LXBR,B3RDNE500LXBR - 477ياب بيكو صافى 2 ثلاجه,7.00,موديلات بيكو لثلاجة بيكو,p05.png
111004068,RDNE455M20XBIDS,RDNE455M20XBIDS,RDNE455M20XBIDS - باب 2 ثلاجه بيكر نوفروست,,موديلات بيكو لثلاجة بيكو,p05.png
111004080,RCNE590E35ZXP2,RCNE590E35ZXP2,ثلاجة بيكر كرسبى نوفرست - RCNE590E35ZXP2,,موديلات بيكو لثلاجة بيكو,p05.png
111004083,RDNE420KD,RDNE420KD-,ثلاجة بيكو توفروست ، 390 لتر ، RDNE420KD- 2,1.00,موديلات بيكو لثلاجة بيكو,p05.png
111004087,GNE60500XEG,GNE60500XEG,سايد بابين وX2ثلاجة بيكو سايد - GNE60500XEG,1.00,موديلات بيكو لثلاجة بيكو,p05.png
111016004,HIMW 95226 SXEL,SXEL-5,-1IMW 95226 SXEL-5 سم 90 سطح غاز بيكر ققطعة,1.00,موديلات بيكو /سطح بيكو,p06.png
111016007,HIAW 64225 SX|,HIAWE4225SX,مسطع بيكو غاز 50 سم 4 ش استاناس-HIAWE4225SX اقطعة,1.00,موديلات بيكو /سطح بيكو,p06.png
111016008,HISW95226SEL,HISW95226SEL,مسطح غاز بيكو 5 ش 90 سم اسود -HISW95226SEL اقطعة,,موديلات بيكو /سطح بيكو,p06.png
111016009,HILW 75222 S,75222,سنطح غال بيكر 75 سم 5 شمطة شعلة -HILW 75222 S قطعة,1.00,موديلات بيكو /سطح بيكو,p06.png
111016010,HIAW 64225 BX,64225,مسطح بيكو غاز 60 سم - HIAW 64225 BX قطعة,1.00,موديلات بيكو /سطح بيكو,p06.png
111016012,HILW 64222 SE,,طح غاز بيكر 60 سم 4 شع,1.00,موديلات بيكو /سطح بيكو,p06.png
117077187,BGGR 11228 GXA,,,,موديلات بيكو /سطح بيكو,p06.png
111017023,BGGR 11225 GB2,11225,رتاجاز بيكر 5 شعلة 90 سم - 3GGR 11225 GB2 قطعة,1.00,موديلات بيكو /سطح بيكو,p06.png
111018011,EBIM17300WD,BBIM17300WD,بيكو ڤرن كيرباء بلت ان 60 سم - BBIM17300WD قطعة,,موديلات بيكو /سطح بيكو,p06.png
111018016,EBIH12100BC,BBIH12100BC,فرن غاز بلت ان بيكر، 66 لتر، BBIH12100BC -60 قطعة,,موديلات بيكو /سطح بيكو,p06.png
112016001,B0293GC/L,B0293GC/L-5,سطح بيلت ان غاز بومباتي 90 سم B0293GC/L-5 قطعة,,موديلات يومياتي/مسطح بلت ان بومياتى,p06.png
112016008,B0217VK/L,,,,موديلات يومياتي/مسطح بلت ان بومياتى,p06.png
112016010,BO267RD/E,0267RD/E,باني مسطح بيلت ان كهرباء 38 سم - 0267RD/E قطعة,,موديلات يومياتي/مسطح بلت ان بومياتى,p06.png
112018005,BO243EI-E,,,,موديلات بومباتي /قرن بلت ان بومباتى,p06.png
113001001,BD-100XFVEM,,,,موديلات هيتاشي/غسالة ملايس هيتاشى,p06.png
113001002,BD.80YFVEM,,,,موديلات هيتاشي/غسالة ملايس هيتاشى,p06.png
113004096,R.B590EY2R,,,,موديلات هيتاشي/غسالة ملايس هيتاشى,p06.png
113004097,R-V650EY2R,,,,موديلات هيتاشي/غسالة ملايس هيتاشى,p06.png
113004098,A-V5OOEY2R,R-V590EY2R,بتاشيى نااجة 590 لتر 2 باب موتور -R-V590EY2R,1.00,موديلات هيتاشي/غسالة ملايس هيتاشى,p07.png
115001013,AOD107OD 497X EX,97X-X-,• لرتسبون اتواس 1D٦07 0D ٤97X-X-٤ 10,1.00,موديلات أريستون /غسالة ملايس أريسيتون,p07.png
115001019,NM 10 723 SS EX,,ريستون غسالة ملاس 7 كيلر -NM 10 723 SS EX,1.00,موديلات أريستون /غسالة ملايس أريسيتون,p07.png
115001020,NLM11946 SC AEX,NLM11946,NLM11946 SC AEX-غسلة ملايس اريستون,1.00,موديلات أريستون /غسالة ملايس أريسيتون,p07.png
115001028,NS 723U GG EG,,ساله ملابس اريستون 7 كيلو - NS 723U GG EG,1.00,موديلات أريستون /غسالة ملايس أريسيتون,p07.png
115001032,WEST8GWHR,,VFSTBGWHR - كجم 8 يستون غساله ملابس,1.00,موديلات أريستون /غسالة ملايس أريسيتون,p07.png
115002016,LSFO 3T223 W X,3T223,غسالة اطباق اريستون 45 سم-LSFO 3T223 W X,1.00,موديلات أريستون إغسائة اطباق اريستون,p07.png
115002019,LFC3033WLTX,LFC3033WLTX,غسالة اطباق اريستون -LFC3033WLTX,1.00,موديلات أريستون إغسائة اطباق اريستون,p07.png
115002022,LFP-5P31-WLT-X,LFP-5P31-WLT-X,اريستون غسالة اطباق 15 افراد-LFP-5P31-WLT-X,1.00,موديلات أريستون إغسائة اطباق اريستون,p07.png
115002023,DFS606XO,DFS606XQ,اريستون غسالة أطباق انفرتر 10 أفراد - DFS606XQ,1.00,موديلات أريستون إغسائة اطباق اريستون,p07.png
115002024,DFN856XQ,DFN856XQ,غسالة أطباق اريستون 60 سم 15 فرد DFN856XQ - 8,1.00,موديلات أريستون إغسائة اطباق اريستون,p07.png
115002026,DFN436X,,,1.00,موديلات أريستون إغسائة اطباق اريستون,p07.png
115003005,ARU6OF63XEG,ARU6OF63XEG,اريستون ديب فريزر راسي ديجيتال - ARU6OF63XEG,1.00,موديلات اريستون /ديب فريزر أريستون,p07.png
115004015,ARB7B F6593 XNA,ARB7B,ARB7B F6593 XNA - لتر 590 ثلاجة اريستون,1.00,موديلات اريستون لثلاجة اريستون,p07.png
115004019,ART70 F1452 DXDI,ART70,ART70 F1452 DXDI - لتر 455 ثلاجة اريستون,1.00,موديلات اريستون لثلاجة اريستون,p07.png
115016005,PCN 641 T/IX/A,,طح اريستون 60 سم 4 عين غاز -CN 641 T/IX/A,1.00,موديلات اريستون/مسطح اريستون,p07.png
115016007,HR 609 C A,,مسطح اريستون كيرباء بلت إن 60 سم -HR 609 C A,1.00,موديلات اريستون/مسطح اريستون,p07.png
115016014,PHN 961 TS/IX/A,,HN 961 TS/IX/A-عين 6 سم 90 طح اريستون,1.00,موديلات اريستون/مسطح اريستون,p07.png
115016018,PHN 942 T/IXJA,,,1.00,موديلات اريستون/مسطح اريستون,p07.png
115016021,PH 941 MSTBGH,,سطح اريستون 90سم - 4شعلات-PH 941 MSTBGH,1.00,موديلات اريستون/مسطح اريستون,p07.png
115016023,,PH941MSIX-,PH941MSIX-ش 4 مسطح اويعتون,1.00,موديلات اريستون/مسطح اريستون,p08.png
115016025,AGS92SBK,AGS92SBK,مسطح اريستون غاز-AGS92SBK,1.00,موديلات اريستون/مسطح اريستون,p08.png
115016028,ARH 6G4R22 W2XNA,W2XNA-4,ARH GG4R22 W2XNA-4 :مسطح بلت ان اريستون,1.00,موديلات اريستون/مسطح اريستون,p08.png
115018007,FA3 530 HIX A,,نرن اريستون 60 سم كهرباء بشراية-FA3 530 H IX A,,موديلات اريستون اقرن بلت ان اريستون,p08.png
115018016,GA3 124 1X,,,,موديلات اريستون اقرن بلت ان اريستون,p08.png
115018020,GESM53IXA30,,,,موديلات اريستون اقرن بلت ان اريستون,p08.png
115018023,AROGER1G1CXNA,AROGER1G1CXNA-,AROGER1G1CXNA-سم غاز شوايه كيرباء 60 فرن,,موديلات اريستون اقرن بلت ان اريستون,p08.png
115018025,AROG 9R2F3NG XNA,,,,موديلات اريستون اقرن بلت ان اريستون,p08.png
115018027,AROE6R395C XNA,AROE6R395C,ريستون فرن كهرباء بلت إن - AROE6R395C XNA,,موديلات اريستون اقرن بلت ان اريستون,p08.png
118001001,WHPM-1ONWH,WHPM-1ONWH,يونيفرسال غسالة ملابس هاف - WHPM-1ONWH,,موديلات يونيقر سال/ غسالة ملابس يونيفرسال,p08.png
119001005,KTW- 1212-CS,,,,موديلات كريازي /غسالة كريازى,p08.png
119003009,KH256VF-ACM MONO 6,,,,موديلات كريازي اديب فريزر كريازي,p08.png
119003010,KH256VF-METALIC,,,,موديلات كريازي اديب فريزر كريازي,p08.png
119003015,KH 225 CF-W,,,,موديلات كريازي اديب فريزر كريازي,p08.png
119004016,KH 625 L N/15,,,,موديلات كريازي الثلاجة كريازى,p08.png
119004018,KH370 LN/3,,,,موديلات كريازي الثلاجة كريازى,p08.png
119004021,KH 540 LN -UGHOO44N,KH1370,امعرجة كربازى سولتير بريمير أود بشاشة-KH1370 LN/3,,موديلات كريازي الثلاجة كريازى,p08.png
119004027,E47ONV/2B,,,,موديلات كريازي الثلاجة كريازى,p08.png
119004028,E520 NV/2 BK,E4TONV/2B,العودة كربازى 16 قدم توين تربر كريستال-E4TONV/2B,,موديلات كريازي الثلاجة كريازى,p08.png
119004030,KH371NV/2 B,,كريستال -ليد اسود,,موديلات كريازي الثلاجة كريازى,p08.png
119004039,,UGOT47NS,KH 425 LN - UGOT47NS مة كريازى بريمس53 KH 425 LN - UGOT47NS,1.00,موديلات كريازي الثلاجة كريازى,p09.png
119017001,9601+2S,,بوتاجاز كريازى 5 شطة 60*90 ستيل مدور-9601+2 S,1.00,موديلات كريازي ليوتلجاز تريازى,p09.png
119017004,,,بوتاجاز كريازى 5 شعطة 60*90 ستيل قديم -8900,1.00,موديلات كريازي ليوتلجاز تريازى,p09.png
119017009,,60-80,بوتاجاز كريازى 5 شعلة 60-80 ستيل 8600,1.00,موديلات كريازي ليوتلجاز تريازى,p09.png
119017018,9604F,,,1.00,موديلات كريازي ليوتلجاز تريازى,p09.png
119017020,9TOUSH,9700SM,بوتاجاز كريازى 5 ش 60*90 استيل جركر -9700SM,1.00,موديلات كريازي ليوتلجاز تريازى,p09.png
119017021,9OFC9 SMART N,90FC9,بوتاجاز كريازى 5 شعلة90FC9 SMART N-90*60,1.00,موديلات كريازي ليوتلجاز تريازى,p09.png
120001057,WWBOT534DANTAS,WW8OT534DAN1AS-,WW8OT534DAN1AS-كجم 8 غسالة سامسونج,1.00,موديلات سامسونج/غسالة ملابس سامسونج,p09.png
120001059,WWBOT4020CX1AS,WW8OT4020CX1AS,غسلة ملابس سامسونج 8 ك - WW8OT4020CX1AS,1.00,موديلات سامسونج/غسالة ملابس سامسونج,p09.png
120001067,WW11B1944DGBAS,,,1.00,موديلات سامسونج/غسالة ملابس سامسونج,p09.png
120001069,WA14F5SAUWAUAS,WA14F5S4UWAUAS,WA14F5S4UWAUAS - غسالة ملايس سامسونج فرق,1.00,موديلات سامسونج/غسالة ملابس سامسونج,p09.png
120001070,WA19CG6745BV/AS,VA19CG6745BV/AS,ساله ملابس سامسونج فوق - VA19CG6745BV/AS,1.00,موديلات سامسونج/غسالة ملابس سامسونج,p09.png
120001072,WWBOCGCOEDABAS,,غسالة ملايس سأمسونج,1.00,موديلات سامسونج/غسالة ملابس سامسونج,p09.png
120001075,WA11DG5410BDAS,WA11DG5410BDAS,سامسونج غسلة ملابس تحميل-WA11DG5410BDAS,1.00,موديلات سامسونج/غسالة ملابس سامسونج,p09.png
120004082,RS68A8820B1/MR,RS68A8820B1/MR,ثلاجة سامسونج سايد باي سايد -RS68A8820B1/MR,1.00,موديلات سامسونج الثلاجة سامسونج,p09.png
120004085,RS66A8100B1/MR,RS66A8100B1/MR.,ثلاجة سامسونج 632 لتر RS66A8100B1/MR. 22,1.00,موديلات سامسونج الثلاجة سامسونج,p09.png
120004099,RB34C672EB1/MR,RB34C672EB1/MR,ساسونج ثلاجة نوفروست - RB34C672EB1/MR,1.00,موديلات سامسونج الثلاجة سامسونج,p09.png
120004102,RB34C632ES9/MR,RB34C632ES9/MR,ثلاجة سامسونج ديجيتال - RB34C632ES9/MR,1.00,موديلات سامسونج الثلاجة سامسونج,p09.png
120004105,RS70F65QAFMR,RS70F65QAFMR,مالمسونج ثلاجة لوفرومت RS70F65QAFMR - 659,1.00,موديلات سامسونج الثلاجة سامسونج,p09.png
120010035,VG-SCFA43WTRU,,,1.00,موديلات سامسونج/مستلزمات شاشة سامسونج,p09.png
125016008,GT955HIX,,م ) مع جليم جاز 5 شعطة استانلس,1.00,موديلات جليم جاز /مسطح جليم جاز,p09.png
125016010,GTEAHIXT,,مسع جايم جاز 30سم 4 شطة غالر -,1.00,موديلات جليم جاز /مسطح جليم جاز,p10.png
125016022,GT951HIX,,ي( لر) جليم جاز 90سم عين رباعية,1.00,موديلات جليم جاز /مسطح جليم جاز,p10.png
125016047,GT32 1X,,,1.00,موديلات جليم جاز /مسطح جليم جاز,p10.png
125017017,MOB63BRIO1AP-1,MOB63BRI01AP-1-,MOB63BRI01AP-1-بوتالجاز جليم جاز,1.00,موديلات جليم جاز أبوتاجاز جليم جاز,p10.png
125017019,MO1B3BRI01AG,163BRI01AC-,اجاز جليم جاز 163BRI01AC- 100*60•,1.00,موديلات جليم جاز أبوتاجاز جليم جاز,p10.png
125017021,,,,2.00,موديلات جليم جاز أبوتاجاز جليم جاز,p10.png
125017030,AL9638RIO1AP-1,AL963BRI01AP-1,رتاجاز جليم جاز الفا حمالات ثقيلة-AL963BRI01AP-1,1.00,موديلات جليم جاز أبوتاجاز جليم جاز,p10.png
125017037,AL6611GI FS,,,1.00,موديلات جليم جاز أبوتاجاز جليم جاز,p10.png
125017039,ST9612RIFS,9812RIFS,9812RIFS - شلة 5 س 90-80 جاز ٠,1.00,موديلات جليم جاز أبوتاجاز جليم جاز,p10.png
125018025,GFD9W 1IX|,GFD9W1IX,فرن 90م غاز بمروحتين توزيع ااستنلس-GFD9W1IX,1.00,موديلات جاليم جاز إقرن بلت ان جليم جاز,p10.png
125018026,GFR9W1IX,GFR9W1IX,جليم جاز فرن بلت ان غاز 90 سم - GFR9W1IX,1.00,موديلات جاليم جاز إقرن بلت ان جليم جاز,p10.png
125018027,GFDW21IX,,,1.00,موديلات جاليم جاز إقرن بلت ان جليم جاز,p10.png
127001004,MFNO9W 70B/S,MFNO9W70B/S,سائة ميديا تعميل امام 7 كجم - MFNO9W70B/S,1.00,موديلات ميديا/ غسالة ملايس مينيا,p10.png
127001005,MFN09W80B/S,FNO9WBOB/S,بيا غسالة تعميل امامي ، 8كجم-FNO9WBOB/S,1.00,موديلات ميديا/ غسالة ملايس مينيا,p10.png
127002003,MDWEF1433D(B) -,MDWEF1433D,MDWEF1433D(B) - WI-EG - يديا غسالة اطباق,1.00,موديلات ميديا/غسالة اطباق ميديا,p10.png
127002004,MDWEF1533GUR(BS)-,MDWEF1533GUR,MDWEF1533GUR(BS)-WU-EG - ميديا غسالة,1.00,موديلات ميديا/غسالة اطباق ميديا,p10.png
127002005,MDWPF1333C(S)-W.EG,MDWPF1333C,MDWPF1333C(S)-W-EG - غسالة اطباق ميديا,1.00,موديلات ميديا/غسالة اطباق ميديا,p10.png
127004002,MDRT723MTN46D,MDRT723MTN46D,MDRT723MTN46D - لتر 535 باب 2 ثلاجة ميديا,1.00,موديلات ميديا /ثلاجة ميديا,p10.png
127004003,MDRT489MTN46,MDAT489MTN46,ثلاجة ميديا نوفروست 2 باب - MDAT489MTN46,1.00,موديلات ميديا /ثلاجة ميديا,p10.png
127004004,MDRB424FGN46,MDRB424FGN46,ثلاجة ميديا نوفروست ديجيتال - MDRB424FGN46,,موديلات ميديا /ثلاجة ميديا,p10.png
127004005,MDRT645MTEOGE,MDRT645MTEOSE,MDRT645MTEOSE - لتر برو سنيل 449 ميديا ثلاجة,1.00,موديلات ميديا /ثلاجة ميديا,p10.png
127004009,MDRB905FIN46D,MDRB905FIN46D,MDRB905FIN46D - لتر 680 باب 2 ثلاجة ميديا,1.00,موديلات ميديا /ثلاجة ميديا,p10.png
127004010,MDRUS2BFEN46|,MDRU52BFEN46,بب مينيا عرف ونرج 92واتر - MDRU52BFEN46,1.00,موديلات ميديا /ثلاجة ميديا,p11.png
127004014,MDRT5B0MTN45D,MDRT580MTN45D,مينيا ثلاجة 411 لتر أسود رف - MDRT580MTN45D,,موديلات ميديا /ثلاجة ميديا,p11.png
128016003,PN9OGVFSLGX,190GVFSLGX-,190GVFSLGX- غاز (25) سم 90 ع تكتوجاز,,موديلات تكتوجاز /مسطح تكتوجاز,p11.png
128016004,PNEOGVF4FGX2,,,,موديلات تكتوجاز /مسطح تكتوجاز,p11.png
128017005,PPaX96G5VC,,,,موديلات تكتوجاز ليوتاجاز تكتوجاز,p11.png
128017012,N3X96G5VC,,,,موديلات تكتوجاز ليوتاجاز تكتوجاز,p11.png
141001003,NA-127VB7,VA-127VB7-7,اتاسونيك غسائة ملابس فول أوتوماتيك VA-127VB7-7,,موديلات بتاسوتيك/ غسالة ملابس بتاسوتيك,p11.png
141004001,NRBC752DSEG,NRBC752DSEG,ثلاجة بناسونيك 625 لتر فضى:NRBC752DSEG,,موديلات بقاسوتيك لثلاجة باتاسونيك,p11.png
150001002,WTLA100OSL,,,,موديلات واير ليبول/غسالة ملابس واير ليبول,p11.png
150001007,WTLA 850 WH,WTLA10005L,اوتوماتيك لون سيولاليول 10 كيلو فرق -.WTLA10005L,,موديلات واير ليبول/غسالة ملابس واير ليبول,p11.png
150001015,FWF 61052 SB,,,,موديلات واير ليبول/غسالة ملابس واير ليبول,p11.png
150003008,UWB F2D XBI N,,,,موديلات وايز ليبول إفريزر وأيرليبول,p11.png
150004007,SWB AM2 D XR,,,,موديلات واير ليبول لثلاجة وايرليبول,p11.png
150016015,AKR 353 IX,,,1.00,موديلات وايز اليبول لمسطح وايز لبول,p12.png
152075807,ZPJGNW001,ZP.JGNW001-,كيتشن لاين مسطح شواية سيراميك ZP.JGNW001- 30,,موديلات كيتشن لايت/ مسطح كيتفن لايت,p12.png
159016009,ZP-JN5020,ZP-JN5020,كيتشن لاين مسطح غاز 90 سم 5 شطة-ZP-JN5020,1.00,موديلات كيتشن لايت/ مسطح كيتفن لايت,p12.png
153016016,ZP.JE4014,ZP.JE4014,كباتشن لاين مسطح غاز 60 سم 4 شعله-ZP.JE4014,1.00,موديلات كيتشن لايت/ مسطح كيتفن لايت,p12.png
153016019,ZP-J5022,P-J5022,طح كتشن لاين بلت ان 90 سم 4 عن غاز-P-J5022؟,1.00,موديلات كيتشن لايت/ مسطح كيتفن لايت,p12.png
153016023,ZP.VTNOAN,,سطح سيراميك 60 سم 4 شطة فريم ZPVTNOAN,1.00,موديلات كيتشن لايت/ مسطح كيتفن لايت,p12.png
153018009,FE6V11OTGN.OOHO.E,E6V11OTGN.OOHO.E-,E6V11OTGN.OOHO.E-ن كيتشن لاين كريستال,1.00,موديلات كيتشن لأين إقرت بلت ان كينشن لاين,p12.png
153018010,FE6VOGSAAN-UDAB-E,FEEVO63AXN-UOAB-E-4,FEEVO63AXN-UOAB-E-4 يتشن لاين فرن كهرباء,1.00,موديلات كيتشن لأين إقرت بلت ان كينشن لاين,p12.png
153018011,FE9VV092EXN-UOCA-E,E9VV092EXN-UOCA-E-,E9VV092EXN-UOCA-E-تشن لاين فرن كهرباء,1.00,موديلات كيتشن لأين إقرت بلت ان كينشن لاين,p12.png
153018012,FE6VO6BAGD-DTFF.E,FEGVO63AGD-DTFF-E-4,FEGVO63AGD-DTFF-E-4 كيتشن لاين فرن كهرباء,1.00,موديلات كيتشن لأين إقرت بلت ان كينشن لاين,p12.png
153018013,FGE9VVOBAXN.UOCA.E,FGE9VVOBAXN.UOCA.E.,FGE9VVOBAXN.UOCA.E.سم غاز ش 90 فرن,1.00,موديلات كيتشن لأين إقرت بلت ان كينشن لاين,p12.png
158017009,SL220,SL220,مسطح هوم 2 عين استانلس--SL220,9.00,موديلات هوم/مسطح هوم,p12.png
158017011,GK-690,GK-690,مسطح كهرباء هرم (احمر /ابيض/اخضر) -GK-690,1.00,موديلات هوم/مسطح هوم,p12.png
158017012,GK-850,GK-850,بوتاجاز كهرباء هوم-GK-850,13.00,موديلات هوم/مسطح هوم,p12.png
158017017,SL113,SL113,بوتجاز عين استانلس-SL113,6.00,موديلات هوم/مسطح هوم,p12.png
158017018,WK3007,WK3007,ماكينه وافل-WK3007,,موديلات هوم/مسطح هوم,p12.png
158017019,BK2116,BK2116,سندوتش ميكر-BK2116,2.00,موديلات هوم/مسطح هوم,p12.png
158017020,BK2117,BK2117,ستدوتش ميكر -BK2117,1.00,موديلات هوم/مسطح هوم,p12.png
158017021,YN5240,YN5240,بوتجاز 1 عين 500 وات من هوم، اسود-YN5240,13.00,موديلات هوم/مسطح هوم,p12.png
158017022,YN5210,YN5210,بوتجاز صغير-YN5210,3.00,موديلات هوم/مسطح هوم,p12.png
159016002,PFK64CX,PFK64CX,إيجتيس مسطح بلت ان 60 سم 4 شعطة غاز-PFK64CX,1.00,موديلات ايجنس/مسطح بلت ان ايجنس,p12.png
159016003,PFK95CX,PFK95CX,يجنيس مسطح غاز 90 سم 5 شعلة حوامل-PFK95CX,1.00,موديلات ايجنس/مسطح بلت ان ايجنس,p12.png
159018004,FGK60GGFX,FGK60GGFX-,إيجنيس فرن بلت ان 60 سم غاز FGK60GGFX- 65,1.00,موديلات ايجنس إفرن بلت ان ايجنس,p12.png
171017031,9C10GLA1X4AWW,,,,موديلات لاجير ماتهاليوتالجاز الأجيرمائيا,p13.png
171017038,6DEOGRB1XAAWW,SDB0GRB1X4AWW,تاجاز لاجيرمانيا قري سناند.SDB0GRB1X4AWW 4 شملة غاز لون استانلس ستبل مزود بقطأه 50 x60,,موديلات لاجير ماتهاليوتالجاز الأجيرمائيا,p13.png
171017040,9D10GUB1X4AWW,9D10GUB1X4AWW,بوتاجار لأجبرمانيا فري سئاند-9D10GUB1X4AWW,,موديلات لاجير ماتهاليوتالجاز الأجيرمائيا,p13.png
171017041,9N1OGUB1X4AWW,9N1OGUB1X4AWW,بوتاجاز لاجيرماليا فري ستاند-9N1OGUB1X4AWW,,موديلات لاجير ماتهاليوتالجاز الأجيرمائيا,p13.png
171017043,9M1OGRB1X4AWW,9M10GRB1X4AWW-,9M10GRB1X4AWW-سم 90 بوتاجاز مودرنا,,موديلات لاجير ماتهاليوتالجاز الأجيرمائيا,p13.png
171017047,9G10G1A1X4AWW,310G1A1X4AWW,310G1A1X4AWW - 60 x 90 اجاز لاجيرمانيا,,موديلات لاجير ماتهاليوتالجاز الأجيرمائيا,p13.png
172016002,BH9OSGO1,BH9OSG01,مسطح غاز بيلت ان 5 شعلة حوامل - BH9OSG01,,موديلات سيمقر /مسطح سيمقر,p13.png
172016008,9501WGRIM,1WGRIM,ع بت ان 90 سم - هرمي - 1WGRIM,,موديلات سيمقر /مسطح سيمقر,p13.png
178038167,GR 2511,,هائد بلندر- GR 2511,10.00,موديلات مننوع /موديلات متنرع,p13.png
185001003,HW150-BP14986ESB,HW150-BP14986ES8,غسلة ملابس هاير 15 ك-HW150-BP14986ES8,1.00,موديلات هاير /غسالات ملابس هاير,p13.png
185001005,HW 100-B1497958,100-B1497958,غسالة ملابس هاير 10.5 كيلو-HW 100-B1497958,1.00,موديلات هاير /غسالات ملابس هاير,p13.png
185001007,HW120-B1497958,HW120-B1497958,غسالة ملابس هاير بموتور - HW120-B1497958,1.00,موديلات هاير /غسالات ملابس هاير,p13.png
185001012,HWM100-316S8,HWM100-31658,اير غسالة ملابس توب لودينج - HWM100-31658,1.00,موديلات هاير /غسالات ملابس هاير,p13.png
185001021,HWD130-BD14LCU1,1WD130-BD14LCU1,اير غسالة ملابس تحميل - 1WD130-BD14LCU1,1.00,موديلات هاير /غسالات ملابس هاير,p13.png
185001027,HW100-B143675BU1,HW100-B14367S8U1,غسله هاير تحميل امامي-HW100-B14367S8U1,1.00,موديلات هاير /غسالات ملابس هاير,p13.png
185001028,HW90-B1436758U1,HW90-B1436758U1,هاير غسالة أوتوماتيك سعة HW90-B1436758U1 - 9,1.00,موديلات هاير /غسالات ملابس هاير,p13.png
185001029,AWTO-EDT4E97GNUT,130-BD14697GNU1-,AW 130-BD14697GNU1-ماير غسالة ملايس,1.00,موديلات هاير /غسالات ملابس هاير,p14.png
185001033,HWD130-BD143B7GNU,32763605501,ابدن السالة لوتو ماته H1V0130- 32763605501,1.00,موديلات هاير /غسالات ملابس هاير,p14.png
185003012,HF290EG,HF290EG,فريزر هاير 6 درج 226 لتر رمادى - HF290EG,1.00,موديلات هايز /غصائة اطباق هايز,p14.png
185004014,HRF-570SDBM,HRF-570SDBM,ثلاجة لوفروست هاير، الفرتر، HRF-570SDBM - 521,1.00,موديلات هاير الثلاجة هاير,p14.png
185004015,HRF-380TMSM,HRF-380TMSM,ثلاجة هاير 380 لتر سيافر - HRF-380TMSM,1.00,موديلات هاير الثلاجة هاير,p14.png
185004019,HRF-580TDBG,HRF-580TDBG,ماير ثلاجة 4 باب 580 التر ديجيتال - HRF-580TDBG,1.00,موديلات هاير الثلاجة هاير,p14.png
185004021,HRF-672VCFMESEG,HRF-672VCFMESEG-473,HRF-672VCFMESEG-473 هاير ثلاجة لوفروست,1.00,موديلات هاير الثلاجة هاير,p14.png
185004022,HRF-825TDBG,HRF.825TDBG,هاير ثلاجة 4 باب 710 لتر ديجيتال: HRF.825TDBG,1.00,موديلات هاير الثلاجة هاير,p14.png
185004024,HRF-630VMCGBEG,HRF-630VMCGBEG,HRF-630VMCGBEG - 449 ثلاجة هاير توفروست,1.00,موديلات هاير الثلاجة هاير,p14.png
188001003,WD5S1045BB,WD5S1045BB,هاي سينس غسالة ملابس اوتوماتيك - WD5S1045BB,1.00,موديلات هاى سيتس/ غصالة ملابس هاي سينس,p14.png
188001005,WF3V9042BSEG,NF3V9042BSEG,ايستس غسالة ملابس فول - NF3V9042BSEG,1.00,موديلات هاى سيتس/ غصالة ملابس هاي سينس,p14.png
188004001,RT3N461NCCA,,,1.00,موديلات هاى سينس /ثلاجة هاى سيتس,p14.png
188016001,HHUGOGASS01,,,1.00,موديلات هاى سينسلمسطح هاى سينس,p14.png
188018002,HGO6O3BS,HGO603BS,فرن هايستس بلت ان 60سم غاز امان - HGO603BS,1.00,موديلات هاى سيتس /فرن بلت ان هاى سيتس,p14.png
190016006,5CFI-95GLSTA,5CF1-95GLSTA,مسطح بلت ان زجاجى قاجور 5 ش -5CF1-95GLSTA,1.00,موديلات فاجور لمسطح بلت ان قاجور,p15.png
190016014,HG-B40RX,HG-640RX,مسطح بلت ان قاجور 4 شعلة استاناس-HG-640RX,,موديلات فاجور لمسطح بلت ان قاجور,p15.png
190018010,OE-350X,OE-350X,فرن بلت ان فاجور ذيجيتال 77 لتر -OE-350X,,موديلات فاجور لمسطح بلت ان قاجور,p15.png
192001040,HW414AMBCR-EGY,,,,موديلات هوقر /غصالة ملابس هوفر,p15.png
192001047,HWH-TLD14DBK,,,,موديلات هوقر /غصالة ملابس هوفر,p15.png
192001050,H3DPS4756TMBBELA,H3DPS4756TMBBELA,H3DPS4756TMBBELA -غساله ملابس جوفر فول,,موديلات هوقر /غصالة ملابس هوفر,p15.png
192016007,HGH64SDWCEX,HGHE4SDWCEX-,HGHE4SDWCEX-شطة 4 سم 60 وفر مسطح غاز,,موديلات هوقر /غصالة ملابس هوفر,p15.png
192016014,HGVE4SMTCGW,VE4SMTCGW-,:VE4SMTCGW-سم 60 x 60 مسطح بلت ان -,,موديلات هوقر /غصالة ملابس هوفر,p15.png
192016019,HHWELCX,1HWGLCX-,طح بلت إن هوفر 60 x 60 سم 4 شعلة-1HWGLCX-,,موديلات هوقر /غصالة ملابس هوفر,p15.png
192017001,HGG95LPGEEGY2,,,,موديلات هوفر /بوتاجاز هوفر,p15.png
195016002,BR-J200SS,BR-J200SS,مسطح برافو 1 شعلة ستائاس ستيل فضى - BR-J200SS,,موديلات برافو لمسطح برافو,p15.png
195016004,BR2002GB-BR-T22,,,,موديلات برافو لمسطح برافو,p15.png
197054011,HD9318/20,,,,موديلات فيليبس/غلاية فيليبس,p15.png
198002003,KDW14-J7617RD,,,,موديلات كلفينيتور/غسالة اطباق كلفيتنتور,p15.png
198002004,KDW6-3604W,KDW6-3604W,كلفنيتور غسالة أطباق 6 افراد KDW6-3604W - 7,,موديلات كلفينيتور/غسالة اطباق كلفيتنتور,p15.png
198002008,FSDA1O,,فنيتور غسلة اطباق 10 اقراد 45 مم - ESDATO,1.00,موديلات كلفينيتور/غسالة اطباق كلفيتنتور,p16.png
198002000,KDWe.Ge04G,KDWe-9604G,كلفيتور عسلة اطباق 6 اقراد KDWe-9604G - 7,,موديلات كلفينيتور/غسالة اطباق كلفيتنتور,p16.png
198004006,KTM4B3TSE.BK,,الفدهتور اللاجة لوفروست 481 لتر فريزر سفقي لون امود,1.00,موديلات كلفيتيتور اثلاجة كليفينتور,p16.png
200001027,UW1OOTPL-A2MBK,,,,موديلات كلفيتيتور اثلاجة كليفينتور,p16.png
200003037,UFN-230LBG1A-DH,FN-230LBG1A-DH,يزر راسى بوليون اير كابيلة -FN-230LBG1A-DH,1.00,موديلات بونيون تك إفريزر يونيون ك,p16.png
200003063,UFN-355LBLBHA-DXSM,UFN-355LBLBHA-DXSMI-,UFN-355LBLBHA-DXSMI-ديب فريزر راسي,1.00,موديلات بونيون تك إفريزر يونيون ك,p16.png
200003065,UFN-150LVLGHA-DTS,UFN-150LVLGHA-DTS,UFN-150LVLGHA-DTS - بوليون اير ديب فريزر,,موديلات بونيون تك إفريزر يونيون ك,p16.png
200004107,,,,1.00,موديلات يونبون تك لثلاجة يوثيون ك,p16.png
200004126,,URN-800CEPBLG1A-DXHIRBXXLS,URN-800CEPBLG1A-DXHIRBXXLS - للاجة URN-B00CEPBLG1A-DX,1.00,موديلات يونبون تك لثلاجة يوثيون ك,p16.png
200004153,URN-400DLBG1A-DTHS,URN-400DLBG1A-DTHS,URN-400DLBG1A-DTHS - ثلاجة يونيون أير,1.00,موديلات يونبون تك لثلاجة يوثيون ك,p16.png
200004162,,,,1.00,موديلات يونبون تك لثلاجة يوثيون ك,p16.png
200004163,URN-500DLVLSA-DXSR,URN-500DLVLSA-DXSRBM-,URN-500DLVLSA-DXSRBM-ثلاجة يونيون ابر,1.00,موديلات يونبون تك لثلاجة يوثيون ك,p16.png
200004166,URN-600LVLSA-DTSR,URN-60OLVLSA-DTSR,URN-60OLVLSA-DTSR - ثلاجة يوتيون اير سعه,1.00,موديلات يونبون تك لثلاجة يوثيون ك,p16.png
200004184,URN-420LBLBA-DTSR,URN-420LBLBA-DTSR,URN-420LBLBA-DTSR: للاجة يوتيون اير,1.00,موديلات يونبون تك لثلاجة يوثيون ك,p16.png
200004194,RD-380VGVA-DHGHUS,RD-380VGVA-DHGHUSTO,RD-380VGVA-DHGHUSTO - ثلاجة يونيون اير,1.00,موديلات يونبون تك لثلاجة يوثيون ك,p16.png
200004196,,,,,موديلات يونبون تك لثلاجة يوثيون ك,p16.png
200017176,,C69SS-GC-511-ICS2F-IS-2W-AL,C69SS-GC-511-ICS2F-IS-2W-AL - بوتاجار C69SS-GG-511-ICS2F.I,,موديلات يونبون تك لثلاجة يوثيون ك,p17.png
200017195,CE9SS.GC-447-IFDSO-2,C69SS-GG-447-IFDSO-2W-M14-AL,C69SS-GG-447-IFDSO-2W-M14-AL - بوتاجاز,,موديلات يونبون تك لثلاجة يوثيون ك,p17.png
200017197,C69GB1-1GC-383-ICPS,,,,موديلات يونبون تك لثلاجة يوثيون ك,p17.png
200017198,|C69SS.GC-383-ICPSF.1,,,,موديلات يونبون تك لثلاجة يوثيون ك,p17.png
200017201,,0495-00-382,مم-0495-00-382٠٢٣,,موديلات يونبون تك لثلاجة يوثيون ك,p17.png
200017203,C69SS.PC-511-ICPS2F.,C69SS-PC-511-ICPS2F-,C69SS-PC-511-ICPS2F-|S-2W-AL - بوتاجاز,,موديلات يونبون تك لثلاجة يوثيون ك,p17.png
200017215,C55SSB-AP-426-S0-A-,C55SSB-AP-4--ATEEL,C55SSB-AP-4--ATEEL -بوتاجار بون,,موديلات يونبون تك لثلاجة يوثيون ك,p17.png
200017220,,C69SS-GG-447-FDSO-M13-AL,C69SS-GG-447-FDSO-M13-AL - برتاجار C69SS-GC-447-FDSO-M,1.00,موديلات يونبون تك لثلاجة يوثيون ك,p17.png
200017223,,C69SB-1GC-511-IFTS-2W-TP-AL,C69SB-1GC-511-IFTS-2W-TP-AL• بوتاجاز C69SB-1GC-511-IFTS-2,1.00,موديلات يونبون تك لثلاجة يوثيون ك,p17.png
200017234,C69Ss.PC-447-2FID1S-,C69SS-PC-447-2FID1S-C-AL,C69SS-PC-447-2FID1S-C-AL - وتاجاز بوتيون,,موديلات يونبون تك لثلاجة يوثيون ك,p17.png
200017235,C6gSs-DC-443-SOF.A,C69SS-DC-443-SOF-A-GU-AL,C69SS-DC-443-SOF-A-GU-AL - بوتاجاز بوليون,1.00,موديلات يونبون تك لثلاجة يوثيون ك,p17.png
200017238,C69SS-DC-443-IFS-A-H,,,1.00,موديلات يونبون تك لثلاجة يوثيون ك,p17.png
200017240,,,,1.00,موديلات يونبون تك لثلاجة يوثيون ك,p17.png
200017241,C69SS-GC-447-IDFSO-,C69SS-GC-447-IDFSO.PL-AL,C69SS-GC-447-IDFSO.PL-AL - بوتاجاز بوتيون,1.00,موديلات يونبون تك لثلاجة يوثيون ك,p17.png
200017242,C69GB-1GC-383-IFCS-,C69GB-1GC-383-IFCS-DV,C69GB-1GC-383-IFCS-DV - بوتاجاز يونيون اير,1.00,موديلات يونبون تك لثلاجة يوثيون ك,p17.png
200017243,,C69SS-GC-447-IDSF-TS-A-AL-,C69SS-GC-447-IDSF-TS-A-AL-بوتجار بونيون C69SS.GC-447-IDSFITS,1.00,موديلات يونبون تك لثلاجة يوثيون ك,p17.png
200017244,,,,1.00,موديلات يونبون تك لثلاجة يوثيون ك,p17.png
200017245,,,,1.00,موديلات يونبون تك لثلاجة يوثيون ك,p17.png
200018003,,,يوليون اير فرن بلت,1.00,موديلات يونيون لك يفرن بلت ان يوتيون اير,p17.png
200040004,GY-6085,GY-608S,مضرب بيض بالعجان-GY-608S,1.00,موديلات يونيون تك/عجائة يونيون,p17.png
211001001,XWA 71051 W EU,71051,غسالة اندسيت 7 كيلر 1000 لفة-XWA 71051 W EU,1.00,موديلات الدست/ غساله ملابس الدست,p17.png
211001005,XWE 81283X S EU,81283X,غسالة ملابس انديست 8 كيلر -XWE 81283X S EU,1.00,موديلات الدست/ غساله ملابس الدست,p17.png
211002008,DFG2B1BACX,,,,موديلات الدست إغصسالة اطباق اتدست,p18.png
211002009,DFE 1B 19 S,,قسالة اطباق الدست-DFE 1B 19 S,,موديلات الدست إغصسالة اطباق اتدست,p18.png
211016008,THP 642 1X/1,,مسطح بلت ان اندسيت 60 سم-THP 642 IX/١,1.00,موديلات اتدست لديب فريزراتديست,p18.png
211016011,IN 9522 lX,,,1.00,موديلات اتدست لديب فريزراتديست,p18.png
211017001,INR9 GGF 21115 XNA,,,1.00,موديلات اندست ليوتاجاز اندست,p18.png
211018003,IFW 5530 IX,,فرن الدسيت 60 سم كهرباء بشراية-IFW 5530 IX,1.00,موديلات الدست لقرن بلت ان الديسة,p18.png
211018006,GESM53G3,GESM53G3,فرن بلت ان الدست غاز 90 سم -GESM53G3,1.00,موديلات الدست لقرن بلت ان الديسة,p18.png
227001049,WPW9121TSSWVSG,WPW9121TSSWVSG,WPW9121TSSWVSG - غسالة ملابس وايت بوينت,,موديلات وايت يويتت/ غسالة وايت بوينت,p18.png
227001051,WPTL9DBTEA,WPTL9DBTEA,غسالة ملابس وايت بويلت فوق - WPTL9DBTEA,,موديلات وايت يويتت/ غسالة وايت بوينت,p18.png
227001057,WPW10141TSSWVDXG,,,,موديلات وايت يويتت/ غسالة وايت بوينت,p18.png
227001060,WPW1114WFTSWVS,WPW1114WFTSWVS,غسالة فول أوتوماتيك وايت-WPW1114WFTSWVS,,موديلات وايت يويتت/ غسالة وايت بوينت,p18.png
227001064,WPTL10DGBAL,,,,موديلات وايت يويتت/ غسالة وايت بوينت,p18.png
227001066,WPTL15DGRGBMA,,,,موديلات وايت يويتت/ غسالة وايت بوينت,p18.png
227002007,WPD105DS,,,,موديلات وايت بوينت/غسالة اطباق وايت بوينت,p18.png
227002013,WPD148HDB,,,1.00,موديلات وايت بوينت/غسالة اطباق وايت بوينت,p18.png
227002017,WPD159HTSFDVGE,WPD159HTSFDVGB,WPD159HTSFDVGB - غسلة اطباق وايت بويتت,,موديلات وايت بوينت/غسالة اطباق وايت بوينت,p19.png
227003008,WPVF371E,WPVF3718,وايت بويتت ديب فريزر نوفروست 7 درج-WPVF3718,,موديلات وايت بوينت/غسالة اطباق وايت بوينت,p19.png
227003012,WPVF2411X,,,,موديلات وايت بوينت/غسالة اطباق وايت بوينت,p19.png
227004016,WPR543DGVB,WPR543DGVB,ثلاجه وايت بويلت نوفروست WPR543DGVB - 525,1.00,موديلات وايت بوينت لثلاجة وايت بوينت,p19.png
227004017,WPRE43DWDVX,WPR643DWDVX,ثلاجه وايت بوينت نوفروست - WPR643DWDVX,1.00,موديلات وايت بوينت لثلاجة وايت بوينت,p19.png
227004021,WPRC462DX,WPRC462DX,لاجه وايت بوينت بفريزر سقلى - WPRC462DX,1.00,موديلات وايت بوينت لثلاجة وايت بوينت,p19.png
227004022,WPRC492TSGVB,WPRC492TSGVB,ثلاجه وايت بوينت بفريزر سفلى - WPRC492TSGVB,1.00,موديلات وايت بوينت لثلاجة وايت بوينت,p19.png
227017007,WPGC9O6OXFSAM,WPGC9060XFSAM-,WPGC9060XFSAM-شعلة 5 ايت بويلت بوتجاز,1.00,موديلات وايت بويتت /يوتاجاز وايت بوينت,p19.png
227017019,WPGC9060GBTA,WPGC9060GBTA,بوتاجاز وايت برينت 5 شعلة - WPGC9060GBTA,1.00,موديلات وايت بويتت /يوتاجاز وايت بوينت,p19.png
227017026,WPGCB06OXHSAN,WPGC8060XHSAN,بوتاجاز وايت بويلت 5 شعلة - WPGC8060XHSAN,1.00,موديلات وايت بويتت /يوتاجاز وايت بوينت,p19.png
227017038,,,رايت بويتت بوتاجاز,1.00,موديلات وايت بويتت /يوتاجاز وايت بوينت,p19.png
230001028,WGB2440XEG,WGB2440XEG,بوش غسالة فول اتوماتيك 9 كيلر-WGB2440XEG,2.00,موديلات بوش/ غسالة ملابس بوش,p19.png
230001029,WGK254ZREG,WGK254ZREG-10,غسالة ملابس فول اتوماتيك بوش، WGK254ZREG-10,1.00,موديلات بوش/ غسالة ملابس بوش,p19.png
230001030,WGA244Z1EG,WGA24421EG,بالة ملايس، تحميل أمامى بالحجم-WGA24421EG,1.00,موديلات بوش/ غسالة ملابس بوش,p19.png
230001031,WGK254ZXEG,WGK254ZXEG,غسلة 6، تحميل أمامي، سعة 10 كجم-WGK254ZXEG,2.00,موديلات بوش/ غسالة ملابس بوش,p19.png
230002007,SMI50D05TR,SMI50D05TR,غسالة اطباق بوش بلت ان 12 قرد -SMI50D05TR,1.00,موديلات بوش/غسالة اطباق بوش,p19.png
230002031,SMS25AB0OV,SMS25AB0OV,غسالة اطباق يوش 60 سم اسود - SMS25AB0OV,1.00,موديلات بوش/غسالة اطباق بوش,p19.png
230002035,SMS4EMI60V,SMS4EMI60V,بوش غسالة اطباق 60 سم 13 فرد - SMS4EMI60V,1.00,موديلات بوش/غسالة اطباق بوش,p19.png
230002040,SMS46NB20V,,,1.00,موديلات بوش/غسالة اطباق بوش,p19.png
230002041,SMS26AIOOV,,,1.00,موديلات بوش/غسالة اطباق بوش,p19.png
230002042,SMSGEMI62V,SMS6EMI62V,بوش غسالة أطباق 14 فرد 60 سم - SMS6EMI62V,1.00,موديلات بوش/غسالة اطباق بوش,p19.png
230002044,SMSEECIesTT,SMSGECI83T,سرة اطباق بوش سيريس 606 س - SMSGECI83T,,موديلات بوش/غسالة اطباق بوش,p20.png
230002045,SMPBEMCOOV,,إيلوكس أسود 60 cm,,موديلات بوش/غسالة اطباق بوش,p20.png
230004035,KDN55NL2E8,KDN55NL2E8,بوش ثلاجة لو فروست لون ايلوكس-KDN55NL2E8,,موديلات بوش لثلاجة بوش,p20.png
230004040,KDNBSAI3E9,KDN86AI3E9,ثلاجة بوش 687 لتر استاناس -KDN86AI3E9,,موديلات بوش لثلاجة بوش,p20.png
230004043,KGNBSCI3E8,GN86CI3EB,لاجة 682 لتر كومبي نوفروست - GN86CI3EB>,,موديلات بوش لثلاجة بوش,p20.png
230004044,KGN56LB3E9,KGN5GLB3E9,بوش ثلاجة 505 لتر كومبي تر - KGN5GLB3E9,,موديلات بوش لثلاجة بوش,p20.png
230004045,KGN7ECISEB,KGN76CI3E8,ثلاجة بوش 578 لتر نوفروست فريزر - KGN76CI3E8,,موديلات بوش لثلاجة بوش,p20.png
230004050,KGN56CX30U,KGN56CX30U,للاجة كومبي نوفروست 559 لتر-KGN56CX30U,,موديلات بوش لثلاجة بوش,p20.png
230004052,KGN39NLEEB,KGN39NLEE8,بوش ثلاجة 330 لتر كومبي لو - KGN39NLEE8,,موديلات بوش لثلاجة بوش,p20.png
230004056,KGN55CIEEB,KGN55CIEE8,بلاجة يوش 483 لتر نوفروست 2 باب - KGN55CIEE8,,موديلات بوش لثلاجة بوش,p20.png
230016006,PCP6A5B90M,PCP5A5B9OM,سطح بوش غاز بلت ان 60سم 4 شعلة-PCP5A5B9OM,1.00,موديلات بوش /مسطح يوش,p20.png
230016018,PPQ7A6B20,,,1.00,موديلات بوش /مسطح يوش,p20.png
230016023,PKNB11FP1E,PKNB11FP1E,وش مسطح كيرباء بلت إن 80 سم-PKNB11FP1E,1.00,موديلات بوش /مسطح يوش,p20.png
230016024,PGPSB5B60Q,PGP6B5B600,مسطح بوش 4 شعلة استانلس -PGP6B5B600,1.00,موديلات بوش /مسطح يوش,p20.png
230016026,PCP6A6B90,PCP5A6B90,بوش مسطح غاز بلت إن 4 شعلة 60 سم-PCP5A6B90,1.00,موديلات بوش /مسطح يوش,p20.png
230016027,PKF645CA2E,PKF645CA2E,مسطح بلت ان بوش 60 سم سيرى -PKF645CA2E,1.00,موديلات بوش /مسطح يوش,p20.png
230016033,PCQ7A5B90,,,1.00,موديلات بوش /مسطح يوش,p20.png
230016034,PPM9A6I40,PPM9A6140,بوش مسطح بلت ان 5 شعلة غاز 90 سم-PPM9A6140,1.00,موديلات بوش /مسطح يوش,p20.png
230016035,PCR9A5190,PCR9A5190,سطح بلت ان 90 سم بوش اسياتي-PCR9A5190,1.00,موديلات بوش /مسطح يوش,p20.png
230017012,HGP3I8W5OS,HGP3I8W50S,بوتاجاز بوش 5 شعلات 90 سم - HGP3I8W50S,1.00,موديلات بوش لبوتاجاز بوش,p20.png
230017015,HGV1FBY50S,HGV1F8Y5OS,ابوتاجاز بوش سلسلة 5 ،2 شعلات - HGV1F8Y5OS,1.00,موديلات بوش لبوتاجاز بوش,p20.png
230017016,HJYGGXV60Q,HJYGGXV600-90,بوتاجاز بوش سيريس 5 8 شعلة HJYGGXV600-90,1.00,موديلات بوش لبوتاجاز بوش,p20.png
230018002,HGL10E150,1GL10E150-,رن بلت ان بوش 60 سم بلت ان غاز-1GL10E150-,1.00,موديلات بوش لفرن بلت بوش,p20.png
230018017,HBG635BS1,,,,موديلات بوش لفرن بلت بوش,p20.png
230018019,VGDOTTBROM®,,,1.00,موديلات بوش لفرن بلت بوش,p21.png
230018020,VBD554FSO,VBD554FS0,بوش فرن 90 سم بلت ان كهرباء بالشواية-VBD554FS0,1.00,موديلات بوش لفرن بلت بوش,p21.png
230018021,HGL21F350,HGL21F350,فرن بلت ان بوش -HGL21F350,1.00,موديلات بوش لفرن بلت بوش,p21.png
230018029,HBFO11BA1T,,,1.00,موديلات بوش لفرن بلت بوش,p21.png
230018031,HUA736ERO,,,1.00,موديلات بوش لفرن بلت بوش,p21.png
247003001,FN 28262 EDT/CS,,,1.00,موديلات ميلا/فريزر ميلا,p21.png
247018002,H 7262 BP,,ميلا فرن بيلت ان كهرباء-H 7262 BP,1.00,موديلات ميلالفرن بلت ان ميلا,p21.png
248001001,3409-FWS1O00NA,3409-FWS1000NA,غسالة ملايس فريش حوض واحد-3409-FWS1000NA,1.00,موديلات قريش/غسالة ملابس فريش,p21.png
248001031,,12870,غسلة فريش 9 ك فضى-12870 غسالة فريش 9 ك فضى معلى-12870,1.00,موديلات قريش/غسالة ملابس فريش,p21.png
248001045,,FL-16430,فريش غسالة ملابس تحميل امامى 9 ك - FL-16430,1.00,موديلات قريش/غسالة ملابس فريش,p21.png
248001047,16432-WBDD1255G1-BL,16432-W8DD1255G1-BL-,غسالة ملابس فريش 16432-W8DD1255G1-BL- 8,1.00,موديلات قريش/غسالة ملابس فريش,p21.png
248001057,,,,1.00,موديلات قريش/غسالة ملابس فريش,p21.png
248003053,FNU-MT271T-19233,FNU-MT271T-19233,FNU-MT271T-19233 - ريزر راسي فريش,1.00,موديلات قريش /فريزر قريش,p21.png
248004033,FNT-B40OKB 4K,FNT-B400KB,FNT-B400KB 4K LG-9748- ثلاجة فريش ميكانيكال,1.00,موديلات فريش الثلاجة فريش,p21.png
248004044,FNT-BR370BB-9015,FNT-BR370BB-9015,ثلاجة فريش ميكاتيكال -FNT-BR370BB-9015,1.00,موديلات فريش الثلاجة فريش,p21.png
248004064,FNT-BR470KGMod-1196,FNT-BR470KGMod-11968,FNT-BR470KGMod-11968 - ثلاجة فريش زجاج,1.00,موديلات فريش الثلاجة فريش,p21.png
248004075,FNT-BS400KT-18951,FNT-BS400KT-18951,FNT-BS400KT-18951 - لتر 369 ثلاجة فريش,,موديلات فريش الثلاجة فريش,p21.png
248004077,FNB-M640CQT-19806,FNB-M640CQT-19806,ثلاجة فريش هارمولي - FNB-M640CQT-19806,1.00,موديلات فريش الثلاجة فريش,p21.png
248004083,FNT-MS5B0YT-19216,FNT-MS580YT-19216-,FNT-MS580YT-19216-لتر 471 ثلاجة فريش -,1.00,موديلات فريش الثلاجة فريش,p21.png
248004084,FNT-MS540YB-18693,,,1.00,موديلات فريش الثلاجة فريش,p21.png
248004085,FNT-MS470 YT-18954,FNT-MS470,FNT-MS470 YT-18954-لتر 397 ثلاجة فريش,1.00,موديلات فريش الثلاجة فريش,p22.png
248016015,,13423,طباخ كبربانى سيراميك-13423 طباخ كهربائى سيراميك 1 عين اسود-13423,10.00,موديلات فريش/مسطح فريش,p22.png
248016016,,13424,طباخ كبرباتى سيراميك-13424 طباخ كيربائى سيراميك 2 عين اسود-13424,9.00,موديلات فريش/مسطح فريش,p22.png
248016017,ECO1-1HP-13490,,,10.00,موديلات فريش/مسطح فريش,p22.png
248016019,EC01-2HP-14216,,,8.00,موديلات فريش/مسطح فريش,p22.png
248016024,9627-modena 60,627-modena,طح بلت ان فريش مودينا 627-modena 60-60,,موديلات فريش/مسطح فريش,p22.png
248016029,VTC 5 90CM-9863,90CM-9863,فريش مسطح كبرباء بلت ان VTC 5 90CM-9863 - 5,,موديلات فريش/مسطح فريش,p22.png
248016030,HAFRGOCMS-17505,HAFRGOCMS-17505,HAFRGOCMS-17505 - فريش مسطح غاز بلت ان,,موديلات فريش/مسطح فريش,p22.png
248016031,HAFRGOCMSC1-17510,HAFR6OCMSC1-17510,HAFR6OCMSC1-17510 - 60 ريش مسطح غاز,1.00,موديلات فريش/مسطح فريش,p22.png
248070006,17511-HAFR9OCMSC1,,,,موديلات فريش/مسطح فريش,p22.png
248016033,17513-52-60,,,1.00,موديلات فريش/مسطح فريش,p22.png
248016034,S2-90-17512,,,,موديلات فريش/مسطح فريش,p22.png
248017003,PROFSSIONAL-3510,PROFSSIONAL-3510-,PROFSSIONAL-3510- بوتجاز فريش بروفيشنال,,موديلات فريش لبوتاجاز فريش,p22.png
248017004,ITALIANO80-2900,ITALIANO80-2900,بوتاجاز فريش 80سم ايطالياتو -ITALIANO80-2900,,موديلات فريش لبوتاجاز فريش,p22.png
248017017,BLAZA9O BLCK-6330,,,,موديلات فريش لبوتاجاز فريش,p22.png
248017038,PROFSSIONAL,90-10094-,PROFSSIONAL 90-10094-بوتاجار فريش,,موديلات فريش لبوتاجاز فريش,p22.png
248017046,PROFSSIONAL,90-12294-,PROFSSIONAL 90-12294- بوتاجاز فريش,,موديلات فريش لبوتاجاز فريش,p22.png
248017049,HAMMAR 80-14483,14483-80,بوتاجاز فريش هامر 80 سم-HAMMAR 14483-80,,موديلات فريش لبوتاجاز فريش,p22.png
248017051,MATRIIX-ST 90 - 13915,,,,موديلات فريش لبوتاجاز فريش,p22.png
248017053,ROCK 90-15560,,,,موديلات فريش لبوتاجاز فريش,p22.png
248017056,16946- HAMMAR,,,,موديلات فريش لبوتاجاز فريش,p22.png
248017064,17266- FORNO55,,,,موديلات فريش لبوتاجاز فريش,p22.png
248017065,MODNA 90-17059,,,,موديلات فريش لبوتاجاز فريش,p22.png
248017069,19721-ROCK Mlirror,,,,موديلات فريش لبوتاجاز فريش,p22.png
248018022,SOFT-17508,,,,موديلات فريش/فرن بلت ان فريش,p22.png
248018024,MODENA-17514,,,1.00,موديلات فريش/فرن بلت ان فريش,p23.png
248018025,TOP90-17515,,,1.00,موديلات فريش/فرن بلت ان فريش,p23.png
248018026,GEOFRBOCMS-17507,,,1.00,موديلات فريش/فرن بلت ان فريش,p23.png
248040001,FM-101B-5732,,,1.00,موديلات قريش /عجان فريش,p23.png
257016005,,,,1.00,موديلات فراتكى/مسطح قرانكى,p23.png
257016006,FHM 905 4G LTC XS C,,-1M 905 4G LTC XS C-تاجاز مسطح بيلت ان,,موديلات فراتكى/مسطح قرانكى,p23.png
257016007,FHTL 604 3G TC XS C,,FHTL 604 3G TC XS C-بيلت ان,1.00,موديلات فراتكى/مسطح قرانكى,p23.png
257016010,FHTL 755 4G TG XS C,,FHTL 755 4G TC XS C-فرائكي مسطح غاز بلت إن,,موديلات فراتكى/مسطح قرانكى,p23.png
257016011,FHNE 604 3G TC XS C,,FHNE 604 3G TC XS C-60 شعلة 4 مسطح قرائكى,1.00,موديلات فراتكى/مسطح قرانكى,p23.png
257016014,,,بوتاجاز مسطح بيلت ان فرانكى-FHMR 604 4GXS E,,موديلات فراتكى/مسطح قرانكى,p23.png
257016018,FHSM-604-3G-DC-XS-C,ISM-604-3G-DC-XS-C,ISM-604-3G-DC-XS-C:حى مسمح غاز بلت,,موديلات فراتكى/مسطح قرانكى,p23.png
257016020,,,FHR 302 CTD BK - مسطح فرانكي,,موديلات فراتكى/مسطح قرانكى,p23.png
257018009,GN 52 G XS,,,,موديلات فرائكى /قرن بلت ان فراتكى,p23.png
257018010,FMXO 93 M GG XS/NF,,FMXO 93 M GG XS/NF FEN-فرن بيلت ان,,موديلات فرائكى /قرن بلت ان فراتكى,p23.png
257018013,FMY 99 P BK,,,,موديلات فرائكى /قرن بلت ان فراتكى,p23.png
257018014,FSL 82 H XS,,,,موديلات فرائكى /قرن بلت ان فراتكى,p23.png
257018015,FSM 86 H XS,,,,موديلات فرائكى /قرن بلت ان فراتكى,p23.png
257016001,DHG 905 4G TC BK F C,,,,موديلات دومينكس/مسطح بلت ان دومينكس,p23.png
258016005,DHX 604 4G XS FC,,,,موديلات دومينكس/مسطح بلت ان دومينكس,p23.png
269001004,MCL1540EE GRAY,,,,موديلات مابى اغسالات مابى,p23.png
270016002,BH5060S-B-IS,,,1.00,موديلات اي كوك لنسطح بلت ان اى كوك,p24.png
270016010,BH5090S-8-1S-OS,100000,حرل مسطح مار بينت ل - 3-١٥--١100000,1.00,موديلات اي كوك لنسطح بلت ان اى كوك,p24.png
270018005,B066G-119-TSF-MIX-O,B066G-119-TSF.MIX-OS-AL,B066G-119-TSF.MIX-OS-AL - اى كرك فرن,1.00,موديلات اى، كوك لقرن بلنت اى كوك,p24.png
270018007,BO6BS-119-SF-AL,,,1.00,موديلات اى، كوك لقرن بلنت اى كوك,p24.png
273001012,OWD 9614 WTS,,غسالة ملابس اوشن 9 ك + 5ك .OWD 9614 WTS,1.00,موديلات اوشن/غسالة ملابس اوشن,p24.png
273002011,ODOI 815 VXBN,,)DOI 815 VXBN - 15 سم 60 شن غسالة اطباق.,1.00,موديلات اوشن/غسالة اطباق اوشن,p24.png
273004014,OC7BOTNFDIBA,OC780TNFDIBA,OC780TNFDIBA - لتر 625 لاجة أوشن سعة,1.00,موديلات اوشن الثلاجة اوشن,p24.png
273016016,OHGFR95IPROSV,OHGFR95IPROSV,OHGFR95IPROSV - 5 سم 90 وشن مسطح غاز,1.00,موديلات أوشن /مسطح او شن,p24.png
273016017,OHGGR9401NPROSV,OHGGR9401NPROSV,OHGGR9401NPROSV - 5 سم 90 اوشن مسطح,1.00,موديلات أوشن /مسطح او شن,p24.png
273016023,OHG1R64IPROSV,OHG1R64IPROSV-,OHG1R64IPROSV-سم غاز 60 سطح أوشن,1.00,موديلات أوشن /مسطح او شن,p24.png
273017004,OCGR 6640-15 IC,,,,موديلات اوشن ابوتاجاز اوشن,p24.png
273017005,OCGR9650-30 XB P,,,1.00,موديلات اوشن ابوتاجاز اوشن,p24.png
273018009,OEOF 99 I RCTC,,فرن بلت ان ارشن كهرباء 90 سم - OEOF 99 1 RCTC,1.00,موديلات اوشن إفرن بلت ان اوشن,p24.png
273018013,OOGR65IBECF2SV,OOGR65IBECF2SV,OOGR65IBECF2SV - 60 اوشن فرن غاز بشواية,,موديلات اوشن إفرن بلت ان اوشن,p24.png
273018016,OOGR95IECF3SV,0OGR95IECF3SV,0OGR95IECF3SV - 2 سم 90 اوشن فرن بلت ان,1.00,موديلات اوشن إفرن بلت ان اوشن,p24.png
278016001,59PAC,,طح ايكوماتيك 90 سم 5 شعلة تحكم امامى-973C,,موديلات ايكو ماتيك/مسطح بلت ان ايكوماتيك,p25.png
278016010,S917DC,59170C-5,شمطح الكوماتياك كريستال أسود هاز 90 سم 59170C-5,,موديلات ايكو ماتيك/مسطح بلت ان ايكوماتيك,p25.png
278016012,S6270G,6270C-4,لد سقات وبر هاد مطح ايكوماتيك كريستال أسود غاز 60 سم 6270C-4,,موديلات ايكو ماتيك/مسطح بلت ان ايكوماتيك,p25.png
278016015,S92710C|,92710C,ميل هار 90 سم 5 شه بمطح ايكو ماتيك كريستال أسود بقريم إستانلس-92710C:,,موديلات ايكو ماتيك/مسطح بلت ان ايكوماتيك,p25.png
278016022,$933C,,,,موديلات ايكو ماتيك/مسطح بلت ان ايكوماتيك,p25.png
278016025,S907IGC,S9071GC,كوماتيك مسطح غاز 90 سم زجاج بقريم-S9071GC,,موديلات ايكو ماتيك/مسطح بلت ان ايكوماتيك,p25.png
278016027,S907ALS,,,,موديلات ايكو ماتيك/مسطح بلت ان ايكوماتيك,p25.png
278016029,S937XLC,S937XLC-92,ايكر ماتيك مسطح غاز زجاج بمفاتوح نحاس S937XLC-92,,موديلات ايكو ماتيك/مسطح بلت ان ايكوماتيك,p25.png
278016056,S633C,,,,موديلات ايكو ماتيك/مسطح بلت ان ايكوماتيك,p25.png
278016067,590SXLPHC,B3XLPRO,ماتيك مسطح غاز 90 سم 5 شعلة-B3XLPRO,,موديلات ايكو ماتيك/مسطح بلت ان ايكوماتيك,p25.png
278016071,S607IGBC,6071GBC,وماتيك مسطح غاز زجاج بفريم استانلس-6071GBC,,موديلات ايكو ماتيك/مسطح بلت ان ايكوماتيك,p25.png
278016083,S6135,S613S,ايكوماتيك مسطح غاز 60 سم 4 شعلة - S613S,,موديلات ايكو ماتيك/مسطح بلت ان ايكوماتيك,p25.png
278016089,S6OBRC,3603RC,يكوماتيك مسطح 4 شعلة غاز اسود 60 سم-3603RC,,موديلات ايكو ماتيك/مسطح بلت ان ايكوماتيك,p25.png
278016091,V6604TDZ,604TDZ,لتيك مسطح كهرباء فيترو سيراميك - 604TDZ,,موديلات ايكو ماتيك/مسطح بلت ان ايكوماتيك,p25.png
278017005,FS9104M,FS9104M,ايكوماتيك بوتاجاز 90*60سم 5شعله حوامل-FS9104M,,موديلات ايكو ماتيك لبوتاجاز ايكوماتيك,p25.png
278018013,G6404T,6404T,كوماتيك فرن غاز 60 سم بشواية غاز ومروحة-6404T:,1.00,موديلات أيكو ماتيك/فرن بلت ان ايكوماتيك,p25.png
278018017,G6424TDX,G6424TDX,ايكوماتيك فرن غاز بشوايه غاز 60 سم-G6424TDX,1.00,موديلات أيكو ماتيك/فرن بلت ان ايكوماتيك,p25.png
278018018,G6444GTDX,36444GTDX,كوماتيك فرن غاز بشوابه غاز 60 سم -36444GTDX,1.00,موديلات أيكو ماتيك/فرن بلت ان ايكوماتيك,p25.png
278018029,G6404GTD,G6404GTD,ايكوماتيك فرن غاز 60 سم بشواية غاز - G6404GTD,,موديلات أيكو ماتيك/فرن بلت ان ايكوماتيك,p25.png
278018031,G6404TTD,G6404TTD,يكوماتيك فرن غاز 60 سم بشواية غاز سعة-G6404TTD,1.00,موديلات أيكو ماتيك/فرن بلت ان ايكوماتيك,p25.png
278018032,G6404GT,G6404GT,فرن إيكوماتيك - 60 سم غاز شوايه غاز-G6404GT,1.00,موديلات أيكو ماتيك/فرن بلت ان ايكوماتيك,p25.png
278018039,G6405T,G6405T,ايكوماتيك قرن 60 سم غاز شوايه كهرباء - G6405T,1.00,موديلات أيكو ماتيك/فرن بلت ان ايكوماتيك,p25.png
278018044,G9504TDX,9504TDX,ماتيك فرن غاز ديجيتال 90 سم بشواية - 9504TDX,,موديلات أيكو ماتيك/فرن بلت ان ايكوماتيك,p25.png
278018047,G6604PROGR,G6604PROGA,يكوماتيك فرن غاز 60 سم بشواية - G6604PROGA,1.00,موديلات أيكو ماتيك/فرن بلت ان ايكوماتيك,p25.png
278018054,G9604PROBG,G9604PROBG,فرن إيكوماتك 90 سم غاز بشواية - G9604PROBG,1.00,موديلات أيكو ماتيك/فرن بلت ان ايكوماتيك,p25.png
280018001,E95-545XND,E95-545XND,سطح غاز البا 5 شطة 90 سم حرامل-E95-545XND,1.00,موديلات البال مسطح الها,p26.png
288016003,ELIO 95-545 L,,,1.00,موديلات البال مسطح الها,p26.png
280016004,,,,1.00,موديلات البال مسطح الها,p26.png
286016008,ELIO 75-545 L,,,1.00,موديلات البال مسطح الها,p26.png
288016013,ELIO 95-545 CG,,,1.00,موديلات البال مسطح الها,p26.png
286016014,ELIO 75-545,545-75,البا مسطح غاز 5 شعطة 75 سم استانلس-ELIO 545-75,1.00,موديلات البال مسطح الها,p26.png
286016022,EN35-200XD,EN35-200XD,با مسطح غاز 30 سم 2 شعله الشقال -EN35-200XD,1.00,موديلات البال مسطح الها,p26.png
286016023,EN95-545ANT,EN95-545ANT,سطح البابلت ان غاز 90 سم لون - EN95-545ANT,1.00,موديلات البال مسطح الها,p26.png
286016025,ENF60-444XD,ENFGO-444X0,با مسطح هاز 60 سم 4 شعلة هاز - ENFGO-444X0,1.00,موديلات البال مسطح الها,p26.png
286016027,EN30-02TXD,,,1.00,موديلات البال مسطح الها,p26.png
286016028,EVC915SK,,,1.00,موديلات البال مسطح الها,p26.png
286016029,ENS60-04OXD,ENS60-040XD,اليا مسطح 4 شعلة 60 سم استانليس - ENS60-040XD,1.00,موديلات البال مسطح الها,p26.png
286016031,EN95-545XD,,1 مسطح غاز 90 سم 5 شعطة سنة,1.00,موديلات البال مسطح الها,p26.png
286018009,ELIO 910 G,,فرن بلت ان البا 90سم غاز شواية غاز -ELIO 910 G,1.00,موديلات البا/قرن بلت ان البا,p26.png
286018015,AL6XLXFG,,البا قرن غاز 60 سم 8 وظائف 62 لتر - ALGXLXFG,1.00,موديلات البا/قرن بلت ان البا,p26.png
286018016,EL1OXLBFG,EL10XLBFG,البا فرن غاز 60 سم 8 وظائف 65 لتر - EL10XLBFG,,موديلات البا/قرن بلت ان البا,p26.png
286018017,109-52XN,109-52XN,اليا فرن غاز 90 سم 7 وظائف 74 لتر - 109-52XN,1.00,موديلات البا/قرن بلت ان البا,p26.png
286018019,140.G94 F,140-G94,اليا فرن غاز بمروحة 90 سم 118 لتر مه -140-G94 F,,موديلات البا/قرن بلت ان البا,p26.png
285018021,EL11XLFB300RF,EL11XLFB300RF,يا فرن بلت أن كهرباء 60 سم - EL11XLFB300RF,,موديلات البا/قرن بلت ان البا,p26.png
287001004,WNEI14AS/A,WNEI14AS/A,غسالة ملابس جروليا 10 ك فضى - WNEI14AS/A,,موديلات جرونيا/ غسالة ملابس جرونيا,p26.png
287001007,WPNEI82A1SWIFI,WPNE182A1SWIFI,جورينيا غسالة ملابس 8 كيلو-WPNE182A1SWIFI,1.00,موديلات جرونيا/ غسالة ملابس جرونيا,p26.png
287003005,FN71710X-R,FN71710X-R,جورينيا فريزر راسى 2*1 سعه FN71710X-R - 381,,موديلات جرونيا/فريزر جرونيا,p26.png
287004007,NRM9181SB,,,,موديلات جروتيا لمثلاجة جروتيا,p27.png
286016002,GEN4AX|,GGN4AX,مسطح بلت ان جروتيا 60 سم غاز استانلس-GGN4AX,1.00,موديلات جروتيا لمثلاجة جروتيا,p27.png
287016001,EC321BCSC,EC321BCSC,مسطح جرونيا 30سم سيرمرك كهرباء -EC321BCSC,,موديلات جروتيا لمثلاجة جروتيا,p27.png
287016012,ECS959BCSC,S9598CSC,زينيا مسطح كهرباء زجاج - S9598CSC,,موديلات جروتيا لمثلاجة جروتيا,p27.png
287016021,GWE42AB,642AB/,رتيا مسطح غاز 60سم 4 شعطة حرامل-642AB/,1.00,موديلات جروتيا لمثلاجة جروتيا,p27.png
287016026,GWE42ABX|,3W642ABX,رربنيا مسطح غاز 60 سم 4 شعطة - 3W642ABX,,موديلات جروتيا لمثلاجة جروتيا,p27.png
287016036,G641EX,G641EX,مسطح جرونيا بلت ان غاز استنلس -G641EX,,موديلات جروتيا لمثلاجة جروتيا,p27.png
287017002,GEC6A11SG,GEC6A11SG-,بوتجال جرونيا كيربانى 4 شعلة -GEC6A11SG- 60,1.00,موديلات جرونيا/يوتاجاز جرونيا,p27.png
287017004,GGI9C20B,GI9G20B,وريتيا بوتاجاز غاز 90 سم 5 شعلة - GI9G20B:,1.00,موديلات جرونيا/يوتاجاز جرونيا,p27.png
287017005,GGI9C21X|,,,1.00,موديلات جرونيا/يوتاجاز جرونيا,p27.png
287018020,BSA6737E15X,BSA6737E15X,قرن كهرباء 60 سم اير فلاير بخار-BSA6737E15X,1.00,موديلات جرونيا/فرن بلت ان جرونيا,p27.png
287018026,BOS6747A01X,BOS6747A01X,جوريتيا فرن بلت ان كهرباء 60 سم - BOS6747A01X,1.00,موديلات جرونيا/فرن بلت ان جرونيا,p27.png
287018029,BSA6747A04BGWI,BSA6747A04BGWI,جوريتيا فرن بلت ان 60 سم - BSA6747A04BGWI,1.00,موديلات جرونيا/فرن بلت ان جرونيا,p27.png
287018032,BOG9832E01X,B0G9832E01X,جورينيا فرن غاز بلت ان 90 سم - B0G9832E01X,1.00,موديلات جرونيا/فرن بلت ان جرونيا,p27.png
287018034,BOGX9832E06BG,BOGX9832E06BG,جورينيا فرن غاز فردي بلت ان - BOGX9832E06BG,1.00,موديلات جرونيا/فرن بلت ان جرونيا,p27.png
287018038,BOS6737E13BG,BOS6737E13BG,فرن جوروتيا بلت ان 60سم - BOS6737E13BG,,موديلات جرونيا/فرن بلت ان جرونيا,p27.png
287018044,BOG62200XK,,,1.00,موديلات جرونيا/فرن بلت ان جرونيا,p27.png
299016004,OM640VZ411,,,1.00,موديلات كلاس /مسطح كلاس,p27.png
299016005,OM950VZ40I,OM950VZ401,مسطح كلاس بيلت ان غاز 90 سم-OM950VZ401,1.00,موديلات كلاس /مسطح كلاس,p27.png
299016006,YM640VZ411,,,1.00,موديلات كلاس /مسطح كلاس,p27.png
299018005,A65FMAM,AG5FMAM,فرن بيلت ان غاز 60 سم-AG5FMAM,1.00,موديلات كلاس لقرن بلت ان كلاس,p27.png
299018006,AEBTSPAT,A63TSPA,فرن بولت أن هاز + كهرهاء 60 سم:A63TSPA,,موديلات كلاس لقرن بلت ان كلاس,p28.png
299018007,A93TFRA-E,A93TFRA-E,فرن كلاس بيلت ان هاز +كهرباء 90 سم-A93TFRA-E,,موديلات كلاس لقرن بلت ان كلاس,p28.png
299018008,AB3TFRA-G,A93TFRA-G,فرن كلاس بيلت ان غاز 90 سم-A93TFRA-G,,موديلات كلاس لقرن بلت ان كلاس,p28.png
312002007,ST211DS,ST211DS,سميج غسالة اطباق بلت أن 13 قرد 60 سم - ST211DS,,موديلات كلاس لقرن بلت ان كلاس,p28.png
312016002,PGF95-4,GF95-4,بج مسطح بيلد ان 5 شعطة غاز 90 سم-GF95-4,,موديلات كلاس لقرن بلت ان كلاس,p28.png
312016006,PGF 64-4,,بج مسطح بيلد ان 4 شعلة هاز 60 سم-GF 4-64,,موديلات كلاس لقرن بلت ان كلاس,p28.png
312016009,PGF 32 G,,مسطح سمج 2 شعلة استاناس-PGF 32 G,,موديلات كلاس لقرن بلت ان كلاس,p28.png
312016010,PGF 32 C,,مسطح سمح 2 عين كيرباء سيراميك استاناس -PGF 32 C,,موديلات كلاس لقرن بلت ان كلاس,p28.png
320016007,SRV564GH,,,,موديلات كلاس لقرن بلت ان كلاس,p28.png
320016008,SRV596GM,RV596GM,بيج مسطح بيلد ان 5 شعلة غاز 90 سم - RV596GM:,,موديلات كلاس لقرن بلت ان كلاس,p28.png
312018003,SF 6381 X,,,1.00,موديلات كلاس لقرن بلت ان كلاس,p28.png
312018004,SF 9300 GGVx,,يلت ان غاز 90 سم بشواية -F 9300 GGVX,,موديلات كلاس لقرن بلت ان كلاس,p28.png
312018006,SF6341GGX,F6341GGX,ا- اسيلم اللا ميج فرن يلت ان غاز 60 سم بشواية-F6341GGX,,موديلات كلاس لقرن بلت ان كلاس,p28.png
342016004,HANS 6220-19,,,1.00,موديلات هائز /مسطح هاتز,p28.png
342016012,HANS-6720-24,HANS-6720-24-,HANS-6720-24-لت,1.00,موديلات هائز /مسطح هاتز,p28.png
342016013,HANS-9210-19,,,1.00,موديلات هائز /مسطح هاتز,p28.png
342018008,0G0204.11,0G0204.11,فرن هانز بلت ان 60 سم-0G0204.11,1.00,موديلات هاتز لفرن هاتز,p28.png
342018011,HANS OGO202 U.S,,,1.00,موديلات هاتز لفرن هاتز,p28.png
360001002,PRM-130TPL-C2MBK,,,1.00,موديلات بريميم (يوتيون)/غسالات بريميم,p28.png
373001001,WMHTZAEP,,- سعلة لرلل ٢يمة قطعة,1.00,موديلات باساب/ غسالة ملايس باساب,p29.png
373001003,WMHTOABP,,ل الت مفية لزيا لمتا,2.00,موديلات باساب/ غسالة ملايس باساب,p29.png
373003031,ES335-Sitver.PRO,E5335.SiVor.PR0,E5335.SiVor.PR0 - 250 أدب لعي لطفي,1.00,موديلات باساب/ غسالة ملايس باساب,p29.png
373003035,VFVSBOBLACK,VFV3E0BLACK,يري لورتل اسود بواروست راسي . VFV3E0BLACK قطعة,2.00,موديلات باساب/ غسالة ملايس باساب,p29.png
373018001,BL051,,ملات سياف - حرامل ز,1.00,موديلات باساب/مسطح باساب,p29.png
395016019,HPT603G,HPT603G,سطح 4 عيون 60 سم شبكات متهنة- HPT603G قطعة,1.00,موديلات بيوريتى/مسطح بيورايتي,p29.png
395016023,HPT902S,HPT9025,تعواة 90 ساح عار بلت ان 6 عين حوامل - HPT9025,1.00,موديلات بيوريتى/مسطح بيورايتي,p29.png
395016026,HPT904S,,وامل لقلة 90 سم لون فضم قطعة,1.00,موديلات بيوريتى/مسطح بيورايتي,p29.png
395016030,MS281,MS261,يتروسيراميا بوريتي مسطح كهرباء 4 عزون 60 سم - MS261,1.00,موديلات بيوريتى/مسطح بيورايتي,p29.png
395016035,HPT906S,HPT9065,حوامل تتيطح عاز بلت ان 90 سم 5 شعلة - HPT9065,1.00,موديلات بيوريتى/مسطح بيورايتي,p29.png
395016047,HPT911MAT-BL,HPT911MAT-BL,زجاج اسود ببورتي مسطح غاز بلت ان 90 سم - HPT911MAT-BL,1.00,موديلات بيوريتى/مسطح بيورايتي,p29.png
395016049,HPT7135,1PT7135,مواللس مسطح عاز بلت ان 70 سم 5 شطء - ٣1PT7135,,موديلات بيوريتى/مسطح بيورايتي,p29.png
395016053,HPT622.GX,PT622-GX-4,4ر٩ام اسر- ٣ لح بنت إن ماز بدورتى 60 سم: PT622-GX-4,,موديلات بيوريتى/مسطح بيورايتي,p29.png
395016054,FTS472G30WP,,,,موديلات بيوريتى/مسطح بيورايتي,p29.png
395016057,HPT913G,HPT913G,بيوريتي مسطح غاز بلت ان 5 شعلة 90 سم-HPT913G,,موديلات بيوريتى/مسطح بيورايتي,p29.png
395017002,FRGG9050 BL,FRGG9050,بيوريتي بوتاجاز فري ستاند FRGG9050 BL - 60*90,,موديلات بيوريتى لبوتاجاز بيورتى,p29.png
395018020,OPT6O1GGD,OPT601GGD,بيورتى فرن غاز بلت ان ديجيتال - OPT601GGD,,موديلات بيوريتى لفرن بلت ان بيوريتى,p29.png
395018024,FR-PRO 60,,بيوريتى فرن بيلت ان غاز ديجيتال FR.PRO 60 - 60,,موديلات بيوريتى لفرن بلت ان بيوريتى,p29.png
395018026,OPREE10BL-60CM,OPREE10BL-60CM,بيوريتى فرن بلت ان كهرباء - OPREE10BL-60CM,,موديلات بيوريتى لفرن بلت ان بيوريتى,p29.png
395018034,GPT SMART 60CM,60CM-60,بوريتي فرن بلت ان كهرباء 3PT SMART 60CM-60,,موديلات بيوريتى لفرن بلت ان بيوريتى,p29.png
395018045,KPT-609-EEDB-88L,PT-609-EEDB-88L,بورتى فرن كهرباء بيلت ان-PT-609-EEDB-88L),,موديلات بيوريتى لفرن بلت ان بيوريتى,p29.png
395018046,OPROG90BL-90CM,OPRQG90BL-90CM,بيورتى فرن غاز بلت ان مع - OPRQG90BL-90CM,,موديلات بيوريتى لفرن بلت ان بيوريتى,p29.png
405004002,FG390-SL,FG390-SL,لموان ثلاجة 14 قدم 340 لتر 2 باب - FG390-SL,1.00,موديلات بيوريتى لفرن بلت ان بيوريتى,p30.png
406016001,,,,8.00,موديلات مير فى لمسطح هيرفى,p30.png
407001026,ZWF8221ML7-91490955,ZWF8221ML7-914909555,غساله زانوسى - ZWF8221ML7-914909555,1.00,موديلات زانوسي/غصائة ملابس زاتوس,p30.png
407001036,,,,1.00,موديلات زانوسي/غصائة ملابس زاتوس,p30.png
407001038,,,,1.00,موديلات زانوسي/غصائة ملابس زاتوس,p30.png
407002004,,,,1.00,موديلات زاتوسي/غسالة اطباق زانوسى,p30.png
407004020,320D AS-922061016,,,1.00,موديلات زائوسي لثلاجة زائوسي,p30.png
407017007,,,,1.00,موديلات زاتوسي ابوتجاز زانوسي,p30.png
407017010,,,,1.00,موديلات زاتوسي ابوتجاز زانوسي,p30.png
407017013,,,,1.00,موديلات زاتوسي ابوتجاز زانوسي,p30.png
437016006,HFG9OBG5BFTAR,,,,موديلات فولجور /مسطح فولجور,p30.png
437016007,HFCER644HLTC,,,,موديلات فولجور /مسطح فولجور,p30.png
437016008,HFGGOSRCT5BF,IFG9OSRCT5BF,IFG9OSRCT5BF - 90 لجور مسطح بلت ان غاز,,موديلات فولجور /مسطح فولجور,p30.png
437018001,OF GG D95SXL2T,,,1.00,موديلات فولجور /مسطح فولجور,p31.png
437018003,OFGGD65ST,,,1.00,موديلات فولجور /مسطح فولجور,p31.png
441016001,HP1500-SV,HP1500-SV-1250,-اي دو سطح تسخين كهربائى - (HP1500-SV-1250,12.00,موديلات اي دو المسطح أي دو,p31.png
441016003,HP2E1500-SV,,,9.00,موديلات اي دو المسطح أي دو,p31.png
446002005,LV-DWED3RC-S13-413,,,,موديلات ليفون/غسالات اطباق ليفون,p31.png
450017006,,2010290,رويال جاز بوتاجاز ماستر شيف 5 شعلة مروحة-2010290,,موديلات رويال ليوتاجاز رويال,p31.png
450017014,,2010288,بوتجاز رويال كريستال 60 مروحة كاست -2010288,,موديلات رويال ليوتاجاز رويال,p31.png
450017016,,2010245,ويال جاز بيرفكت كاست بوتاجاز 5 شعلة-2010245,,موديلات رويال ليوتاجاز رويال,p31.png
450017030,2010274-R,2010274-R,بوتاجاز روبال سيزار 90 كاست بمروحة -2010274-R,,موديلات رويال ليوتاجاز رويال,p31.png
453016002,VG43,,طح غاز 60 سم 4 شعله حامل زهر - امان كامل-G43/,,موديلات تاردى لمسطح بلت ان تاردي,p31.png
453016003,VG 40,,,,موديلات تاردى لمسطح بلت ان تاردي,p31.png
453016005,VG95EAVX,,كامل - اشعال ذائى كامل,,موديلات تاردى لمسطح بلت ان تاردي,p31.png
453018002,FGXOBXN,,,,موديلات ناردى لقرن بلت ان ناردى,p31.png
457038012,,,,,موديلات جيليت امتنوعات جيليت,p31.png
471016001,ARM-SDA-HP-BK,,,,موديلات ارماديللو المسطح ارماديلو,p31.png
475016002,HMG-60-PB-T-4BF,1G-60-PB-T-4BF,قملة امل زهر أمان كامل استاناس 1G-60-PB-T-4BF - هاز بلت ان •,,موديلات متيجيتي /مسطح مترجيتي,p32.png
495016001,LX-7021,,,,موديلات كوستول 8أو كسيل /سسطح كومتول 80 لوكسيل,p32.png
516016001,BXF4000005,BXF4000005,بيسكل مسطح غاز 4 شعطة سفتى كامل - BXF4000005,1.00,موديلات بيكمل/مسطح بيكسل,p32.png
516016003,ESF 4 Avx G Pistachio,,SF 4 Avx G Pistachio-لح غاز بلت ان بيكسل,2.00,موديلات بيكمل/مسطح بيكسل,p32.png
516016004,F4 ESF 4 Avx G White,,4 ESF 4 Avx G White-طح غاز بلت إن بيكسل,1.00,موديلات بيكمل/مسطح بيكسل,p32.png
516018002,ESV 60 M- White,,بن غاز بلت إن بيكسل 60 سم مع-SV 60 M- White:,1.00,موديلات بيكسل اقرن بلت ان بيكسل,p32.png
516018003,ESV 60 M Pistachio,,,1.00,موديلات بيكسل اقرن بلت ان بيكسل,p32.png
510001006,TW.BK115GF4EG(MK),TW-BK115GF4EG,TW-BK115GF4EG(MK) - غسالة ملابس توشيبا,1.00,موديلات توشيبا ميديا/ غسالة ملابس توشيبا - ميديا,p32.png
518001008,AW-DUHN1600LUPEG(,AW-DUHN1600LUPEG,AW-DUHN1600LUPEG(MK) - غسالة ملابس,1.00,موديلات توشيبا ميديا/ غسالة ملابس توشيبا - ميديا,p32.png
518001012,TWD-BM115GF4EG(MK,TWD-BM115GF4EG,TWD-BM115GF4EG(MK) - غسالة ملابس فول,1.00,موديلات توشيبا ميديا/ غسالة ملابس توشيبا - ميديا,p32.png
518001013,,,توشييا غسالة ملابس-1E),1.00,موديلات توشيبا ميديا/ غسالة ملابس توشيبا - ميديا,p32.png
518001014,,,,1.00,موديلات توشيبا ميديا/ غسالة ملابس توشيبا - ميديا,p32.png
518002001,DW-13FBAF(SS)-EG,DW-13FBAF,DW-13FBAF(SS)-EG - غسالة أطباق توشيبا لون,1.00,موديلات توشييا ميديا/غسالة اطباق توشيبا - ميديا,p32.png
518003003,GR-RU312WE-DMN(06),,,1.00,موديلات توشيبا ميديا/ديب فريزر توشيبا - ميديا,p32.png
518004002,GR-RT558WE-PMN(57),GR-RT558WE-PMN,GR-RT558WE-PMN(57) - لتر 411 ثلاجة توشييا,,موديلات توشيبا ميديا /ثلاجة توشيبا - مينيا,p32.png
777004014,GR-AT624WE-PGN(22),GR-RT624WE-PGN,GR-RT624WE-PGN(22) - لتر 450 ثلاجة توشربا,1.00,موديلات توشيبا ميديا /ثلاجة توشيبا - مينيا,p33.png
518004008,GR-RT702WE-PMN(06),GR-RT702WE-PMN,GR-RT702WE-PMN(06) - لتر 535 ثلاجة توشيبا,1.00,موديلات توشيبا ميديا /ثلاجة توشيبا - مينيا,p33.png
518004013,GR.RF895WIA-PGN(22),GR-RF895WIA-PGN,GR-RF895WIA-PGN(22)-ثلاجة توشيبا باربعة,1.00,موديلات توشيبا ميديا /ثلاجة توشيبا - مينيا,p33.png
518004015,RM921WI-PGN(B1),,,1.00,موديلات توشيبا ميديا /ثلاجة توشيبا - مينيا,p33.png
524016001,MS293-KL,S293-KL-90,ماس مسطح كيرباء سيراميك 5 شملة ٨S293-KL-90,1.00,موديلات فيعاس/مسطح فيماس,p33.png
524016003,SC225,,,1.00,موديلات فيعاس/مسطح فيماس,p33.png
524018001,OMDMD-642-CS-KL,,,2.00,موديلات قيماس /قرن بلت ان فيعاس,p33.png
532016003,SF-1504,SF-1504,ابوتاجاز كهربائى متعدد الوظائف من سوليفر-SF-1504,6.00,مسطح سونيفر/Sonifer موديلات سوتيقر,p33.png
532016004,SF-1505,SF-1505,تاجاز كهرباني متعدد الوظائف-SF-1505,5.00,مسطح سونيفر/Sonifer موديلات سوتيقر,p33.png
