code,model,store_name,status,title,brand,category,price_cash,price_installment,availability,url,image,short_description,الموديل,الحجم,اللون,الضمان,بلد الصنع,العرض,العمق,الإرتفاع,سخان داخلي,طلمبة,مجفف,بخار,نوع الفتحة,حلة ستانلس,مدخنة,عدد الفلاتر,الأبعاد,شكل الشفاط,دقة,سمارت,USB مداخل,HDMI مداخل,منحنى,ريسيفر داخلي,إلترا,نظام التشغيل,دقة الشاشة,اريال داخلى,جهاز جيمنج,ريموت كونترول,Connectivity,الشكل,الوات,مداخل إخرى,الوزن
101001133,F4R5TYG2T,غسالة ملابس ال جى 8 ك 1400 لفة سيلفر,ok,ال جى غسالة ملابس 8 كيلو 1400 لفة بالبخار لون سيلفر F4R5TYG2T,LG,غسالات ملابس و مجففات,26099,28999,instock,https://cairosales.com/ar/?controller=product&id_product=13692,https://cairosales.com/36442-thickbox_default/lg-vivace-8-kg-vivace-washing-machine-with-ai-dd-technology-f4r5tyg2t.jpg,السعة 8 كيلو لفة في الدقيقة 1400 الأبعاد (العرض * العمق * الارتفاع) 600 * 560 * 850 مم محرك الدفع المباشر خاصية 6 حركات بخار التشخيص الذكي لون سيلفر,F4R5TYG2T,8 كيلو,فضى,10 أعوام,مصر,600 mm,560 mm,850 mm,نعم,نعم,لا,نعم,فتحة أمامية,نعم,,,,,,,,,,,,,,,,,,,,,
101019001,HC7Z3625S,ال جي شفاط مطبخ بيلت ان 90 سم 830 م3/ساعة,ok,ال جي شفاط مطبخ بيلت ان 90 سم 830 م3/ساعة HC7Z3625S,LG,شفاطات مطبخ و حمام,18699,18999,instock,https://cairosales.com/ar/?controller=product&id_product=42227,https://cairosales.com/109732-thickbox_default/lg-built-in-kitchen-hood-90-cm-830mh-black-glass-and-stainless-hc7z3625s.jpg,التحكم باللمس زجاج أسود + STS إضاءة LED بيضاء 830 م3/ساعة (معزز) مستويات طاقة بأربع خطوات فلتر ألومنيوم قابل للغسل، فلتر فحم الأبعاد (عرض × عمق × ارتفاع): 898 * 430 * 500,HC7Z3625S,,ستانليس,5 أعوام,الصين,898mm,430 mm,500 mm,,,,,,,Yes,2,90 cm,هرمي,,,,,,,,,,,,,,,,,
101062465,65QNED86T6A,ال جى شاشة كيوليد 65 بوصة سمارت,ok,إل جي شاشة 65 بوصة QNED سمارت TV 65QNED86T6A,LG,شاشات و تليفزيونات,71248,74999,instock,https://cairosales.com/ar/?controller=product&id_product=40845,https://cairosales.com/104796-thickbox_default/lg-65-inch-lg-qned-qned86t-4k-smart-tv-ai-magic-remote-hdr10-webos24-65qned86t6a.jpg,تقنية ألوان Quantum Dot NanoCell لوحة ألوان غنية ونابضة بالحياة بشكل لا يصدق من QNED Color تفاصيل حادة ودقيقة مع ميزة التعتيم المحلي المتقدمة والتصميم فائق النحافة معالج α8 AI بدقة 4K مع تقنية AI Super Upscaling 4K ومعالج الصور المخصص. ThinQ AI webOS مع Magic Remote و4 سنوات من الترقيات مضمونة على مدى 5 سنوات مع webOS Re:NewProgram تجربة سينما حقيقية مدعومة بدقة 4K HDR10 وHLG ووضع صانع الأفلام ورسم خرائط النغمات الديناميكية المتقدمة تجربة لعب غير محدودة مع تقنية AMD FreeSync Premium وHGiG وALLM وHDMI 2.1 eARC,65QNED86T6A,بوصة 65,,عامين,مصر,,,,,,,,,,,,,,3840 * 2160,نعم,2,4,لا,نعم,نعم,WebOS,,,,,,,,,
101062505,OLED77C56LA,ال جى شاشة 77 بوصة اوليد سمارت,ok,إل جي شاشة OLED evo AI C5 بدقة 4K وتردد 144 هرتز، مقاس 77 بوصة، مع ماجيك ريموت، نظام التشغيل webOS25 OLED77C56LA,LG,شاشات و تليفزيونات,134990,144999,instock,https://cairosales.com/ar/?controller=product&id_product=44641,https://cairosales.com/119879-thickbox_default/lg-77-inch-oled-evo-ai-c5-4k-144hz-smart-tv-ai-magic-remote-webos25-oled77c56la.jpg,جودة صورة 4K، وصورة مُحسّنة، وصوت محيطي من معالج الذكاء الاصطناعي ألفا 9 من الجيل الثامن. مستويات لون أسود حقيقية في كل بكسل تُضفي تباينًا وعمقًا وتفاصيل مذهلة. دقة ألوان 100% لألوان واقعية ودقيقة. كثافة ألوان 100% لدرجات ألوان أغنى. صور أكثر سطوعًا بفضل هيكل الإضاءة الجديد لمعزز السطوع. زر ذكاء اصطناعي جديد، وتحكم صوتي، ووظائف السحب والإفلات على جهاز التحكم عن بُعد السحري بتقنية الذكاء الاصطناعي. صناعه مصريه ضمان لمده عامين,OLED77C56LA,77 بوصة,,عامين,مصر,,,,,,,,,,,,,,3840 * 2160,نعم,4,3,لا,نعم,نعم,WebOS,UHD 4K,دجيتال,نعم,,,,,,
101062516,100QNED86A6A,إل جي شاشة 100 بوصة QNED86 MiniLED 4KTV,ok,إل جي شاشة 100 بوصة QNED86 MiniLED 4KTV 100QNED86A6A,LG,شاشات و تليفزيونات,289999,318999,instock,https://cairosales.com/ar/?controller=product&id_product=45891,https://cairosales.com/123995-thickbox_default/lg-100-inch-qned-evo-ai-qned86-miniled-4k-vrr-144hz-smart-tv-ai-magic-remote-webos-25-100qned86a6a.jpg,لوحة ألوان غنية بشكل لا يصدق من تقنية QNED الديناميكية الجديدة كليًا جودة صورة 4K، وصورة مُحسّنة، وصوت محيطي من معالج ألفا 8 AI من الجيل الثاني زر AI جديد، وتحكم صوتي، ووظائف السحب والإفلات على جهاز التحكم عن بُعد السحري AI تعتيم موضعي يضمن وضوح الصورة ويكشف أدق التفاصيل دقة عالية على مجموعة من أحجام الشاشات الكبيرة جدًا ضمان لمده عامين صنع في ماليزيا,100QNED86A6A,100 بوصة,,عامين,ماليزيا,,,,,,,,,,,,,,,نعم,4,3,لا,نعم,نعم,WebOS,UHD 4K,دجيتال,نعم,,,,,,
101062528,50QNED70B6T,إل جي شاشة 50 بوصة QNED Mini LED سمارت,not_found,,,,,,,,,,,,,,,,,,,,,,,,,,,,,,,,,,,,,,,,,,,,
101062531,OLED65CS6VA,إل جي شاشة 65 بوصة إل إي دي الترا اتش دي 3840*2160 بيكسل سمارت,ok,إل جي شاشة 65 بوصة OLED evo AI CS6 فور كيه سمارت ماجيك ريموت و نظام WebOS 26 OLED65CS6VA,LG,شاشات و تليفزيونات,66599,73999,instock,https://cairosales.com/ar/?controller=product&id_product=49668,https://cairosales.com/139316-thickbox_default/lg-65-inch-oled-evo-ai-cs6-4k-144hz-smart-tv-ai-magic-remote-webos26-oled65cs6va.jpg,تصميم نحيف للغاية لتجربة مشاهدة أفضل. تقنية OLED evo لأسود مثالي وألوان دقيقة وراحة للعين. معالج α11 AI Processor Gen3 مع AI Super Upscaling 4K لتحسين التفاصيل. تجربة سينمائية مذهلة مع Dolby Vision وDolby Atmos. ألعاب حتى 144Hz VRR بدقة 4K مع G‑SYNC وFreeSync Premium. نظام webOS الذكي مع AI Magic Remote. تحديثات لمدة 5 سنوات.,OLED65CS6VA,بوصة 65,,عامين,مصر,,,,,,,,,,,,,,,نعم,,,لا,نعم,نعم,WebOS,UHD 4K,,,,,,,,
101062532,OLED55CS6VA,إل جي شاشة 55 بوصة إل إي دي الترا اتش دي 3840*2160 بيكسل سمارت,ok,إل جي شاشة 55 بوصة OLED evo AI CS6 فور كيه سمارت ماجيك ريموت و نظام WebOS 26 OLED55CS6VA,LG,شاشات و تليفزيونات,64349,71499,instock,https://cairosales.com/ar/?controller=product&id_product=49674,https://cairosales.com/139326-thickbox_default/lg-55-inch-oled-evo-ai-cs6-4k-144hz-smart-tv-ai-magic-remote-webos26-oled55cs6va.jpg,تصميم نحيف للغاية لتجربة مشاهدة أفضل. تقنية OLED evo لأسود مثالي وألوان دقيقة وراحة للعين. معالج α11 AI Processor Gen3 مع AI Super Upscaling 4K لتحسين التفاصيل. تجربة سينمائية مذهلة مع Dolby Vision وDolby Atmos. ألعاب حتى 144Hz VRR بدقة 4K مع G‑SYNC وFreeSync Premium. نظام webOS الذكي مع AI Magic Remote. تحديثات لمدة 5 سنوات.,,بوصة 55,,عامين,مصر,,,,,,,,,,,,,,,نعم,,,لا,نعم,نعم,WebOS,UHD 4K,دجيتال,,نعم,,,,,
101062534,75NU850B6LA,شاشة ال جي 75 بو صة سمارت NANO 4K UHD,not_found,,,,,,,,,,,,,,,,,,,,,,,,,,,,,,,,,,,,,,,,,,,,
101062537,OLED65B66LA,شاشة ال جي OLED ذكية مقاس 65 بوصة بدقة 4K,ok,إل جي شاشة 65 بوصة OLED AI B6 فور كيه سمارت ماجيك ريموت و نظام WebOS26 OLED65B66LA,LG,شاشات و تليفزيونات,59999,64999,instock,https://cairosales.com/ar/?controller=product&id_product=49677,https://cairosales.com/141611-thickbox_default/lg-65-inch-oled-ai-b6-4k-144hz-smart-tv-ai-magic-remote-webos26-oled65b66la.jpg,تصميم نحيف وعصري. تقنية OLED لأسود مثالي وألوان حقيقية وراحة للعين. معالج α8 AI Processor Gen3 مع AI Super Upscaling 4K. صوت وصورة سينمائية مع Dolby Vision وDolby Atmos. ألعاب حتى 144Hz VRR مع G‑SYNC وFreeSync Premium. webOS الذكي مع AI Magic Remote وLG Shield. تحديثات webOS لمدة 5 سنوات.,OLED65B66LA,بوصة 65,,عامين,مصر,,,,,,,,,,,,,,,نعم,,,لا,نعم,نعم,WebOS,UHD 4K,,,,,,,,
101062538,OLED77G66LW,شاشة ال جي OLED ذكية مقاس 77 بوصة بدقة 4K,ok,إل جي شاشة OLED AI G6 الذكي مقاس 77 بوصة 4K سمارت مدعوم بجهاز التحكم AI Magic remote webOS26 OLED77G66LW,LG,شاشات و تليفزيونات,202499,224999,instock,https://cairosales.com/ar/?controller=product&id_product=49673,https://cairosales.com/134568-thickbox_default/lg-77-inch-lg-77-inch-oled-evo-ai-g6-4k-smart-tv-ai-magic-remote-webos26-oled77g66lw.jpg,"تصميم ""Gallery Design"" يتيح تثبيت التلفاز بمحاذاة تامة مع الحائط دون أي فراغ بينهما. تقنية الألوان فائقة السطوع (Hyper Radiant Color Tech): جيل جديد من تقنية OLED يرتقي بجودة الصورة إلى مستويات غير مسبوقة. سطوع أقصى أعلى بمقدار 3.9 مرة بفضل معالج الذكاء الاصطناعي alpha 11 (الجيل الثالث)، مما يضمن تفاصيل دقيقة وإضاءة نابضة بالحياة. مستويات مثالية للون الأسود والألوان، مع ميزة حماية العين وتقنية منع الانعكاس الفاخرة التي تضمن تبايناً أعمق وألواناً دقيقة ونابضة بالحياة في مختلف ظروف الإضاءة. معدل تحديث متغير (VRR) يصل إلى 165 هرتز بدقة 4K، مع دعم تقنيتي G-SYNC وFreeSync Premium لضمان تجربة لعب سلسة وخالية من التقطّع تمنحك الفوز. نظام webOS الحائز على جوائز يقدم تجارب ذكاء اصطناعي متطورة عبر جهاز التحكم ""AI Magic Remote"" المدعوم بـ Google Gemini وMicrosoft Copilot، والمحمي بنظام LG Shield. برنامج webOS Re:New يتيح ترقية النظام سنوياً لمدة 5 سنوات.",OLED77G66LW,77 بوصة,,عامين,مصر,,,,,,,,,,,,,,3840 * 2160,نعم,4,3,لا,نعم,نعم,WebOS,UHD 4K,دجيتال,نعم,,Wireless,بدون إطار,,,
101062539,OLED83C66LA,شاشة ال جي OLED ذكية مقاس 83 بوصة بدقة 4K,ok,إل جي شاشة OLED evo AI C6 الذكي مقاس 83 بوصة 4K سمارت مدعوم بجهاز التحكم AI Magic remote webOS26 OLED83C66LA,LG,شاشات و تليفزيونات,186299,206999,instock,https://cairosales.com/ar/?controller=product&id_product=49672,https://cairosales.com/139313-thickbox_default/lg-83-inch-oled-evo-ai-c6-4k-smart-tv-ai-magic-remote-webos26-oled83c66la.jpg,تصميم فائق النحافة لتجربة مشاهدة غامرة وديكور داخلي أنيق. تقنية الألوان فائقة الإشراق، وهي تقنية OLED من الجيل التالي لجودة صورة استثنائية. سطوع ذروة أعلى بنسبة 3.2 مع معالج الذكاء الاصطناعي ألفا 11 من الجيل الثالث، لإبراز التفاصيل بوضوح ودقة عالية. يضمن اللون الأسود المثالي والألوان المثالية وراحة العين تباينًا أعمق وألوانًا زاهية ودقيقة في جميع ظروف الإضاءة. معدل تحديث متغير يصل إلى 165 هرتز بدقة 4K مع توافق G-SYNC وFreeSync Premium لتجربة لعب سلسة وخالية من التقطيع. يوفر نظام التشغيل webOS الحائز على جوائز تجارب ذكاء اصطناعي متقدمة مع جهاز التحكم عن بُعد السحري المدعوم بتقنية الذكاء الاصطناعي من Google Gemini وMicrosoft Copilot، والمحمي بواسطة برنامج LG Shield webOS Re:New الذي يُحدّث سنويًا لمدة 5 سنوات.,OLED83C66LA,83 بوصة,,عامين,مصر,,,,,,,,,,,,,,3840 * 2160,نعم,4,3,لا,نعم,نعم,WebOS,UHD 4K,دجيتال,نعم,,Wireless,بدون إطار,,,
101062542,75QNED85B6T,شاشة ال جي 75 بوصه سمارت,ok,إل جي شاشة 75 بوصة QNED evo AI MiniLED QNED85 بدقة 4 K يدعم VRR سمارت مع ريموت ماجيك و نظام WebOS26 75QNED85B6T,LG,شاشات و تليفزيونات,71099,78999,instock,https://cairosales.com/ar/?controller=product&id_product=49733,https://cairosales.com/134828-thickbox_default/lg-75-inch-lg-qned-evo-ai-miniled-qned85-144hz-smart-ai-tv-magic-remote-webos26-75qned85b6t.jpg,"توفر تقنية LG الفريدة للنطاق اللوني الواسع (Wide Color Gamut) تشكيلة ألوان غنية للغاية بفضل تقنية Dynamic QNED Color Pro. تضمن تقنية Mini LED مع ميزة التعتيم الدقيق (Precision Dimming) الحصول على صورة فائقة الوضوح وإظهار أدق التفاصيل. يوفر نظام webOS الحائز على جوائز تجارب متطورة تعتمد على الذكاء الاصطناعي، مدعومة بـ Google Gemini وMicrosoft Copilot. يفتح زر الذكاء الاصطناعي الباب أمام ""مركز الذكاء الاصطناعي"" (AI Hub) لتجربة ذكية ومخصصة، مع ضمان الحماية والأمان عبر نظام LG Shield.",75QNED85B6T,75 بوصة,,عامين,مصر,,,,,,,,,,,,,,,نعم,,,لا,نعم,نعم,WebOS,UHD 4K,دجيتال,,,,,,,
101062555,65QNED85B6T,تلفزيون ال جي LG QNED evo AI QNED85 Mini LED 4K Smart TV 2026 الذكي مقاس 65بوصة,ok,إل جي شاشة 65 بوصة QNED evo AI MiniLED QNED85 بدقة 4K سمارت مع ريموت ماجيك و نظام WebOS26 65QNED85B6T,LG,شاشات و تليفزيونات,54899,60999,instock,https://cairosales.com/ar/?controller=product&id_product=49789,https://cairosales.com/135159-thickbox_default/lg-65-inch-lg-qned-evo-ai-miniled-qned85-4k-144hz-smart-ai-tv-magic-remote-webos26-65qned85b6t.jpg,"توفر تقنية LG الفريدة للنطاق اللوني الواسع (Wide Color Gamut) تشكيلة ألوان غنية للغاية بفضل تقنية Dynamic QNED Color Pro. تضمن تقنية Mini LED مع ميزة التعتيم الدقيق (Precision Dimming) الحصول على صورة فائقة الوضوح وإظهار أدق التفاصيل. يوفر نظام webOS الحائز على جوائز تجارب متطورة تعتمد على الذكاء الاصطناعي، مدعومة بـ Google Gemini وMicrosoft Copilot. يفتح زر الذكاء الاصطناعي الباب أمام ""مركز الذكاء الاصطناعي"" (AI Hub) لتجربة ذكية ومخصصة، مع ضمان الحماية والأمان عبر نظام LG Shield.",65QNED85B6T,بوصة 65,,عامين,مصر,,,,,,,,,,,,,,,نعم,,,لا,نعم,نعم,WebOS,UHD 4K,دجيتال,,,,,,,
101062558,86QNED85B6T,تلفزيون ال جي LG QNED evo AI QNED85 Mini LED 4K Smart TV 2026 الذكي مقاس 86 بوصة,not_found,,,,,,,,,,,,,,,,,,,,,,,,,,,,,,,,,,,,,,,,,,,,
101062561,55QNED85B6T,ال جى شاشة 55 بوصه بدقة 4 K يدعم VRR سمارت مع ريموت ماجيك,not_found,,,,,,,,,,,,,,,,,,,,,,,,,,,,,,,,,,,,,,,,,,,,
104019011,HO60DS-1,شفاط تورنادو60 سم ديكوراتف ديجيتال استانلس بلت ان,ok,تورنيدو شفاط مطبخ بالمدخنة 60 سم تحكم باللمس HO60DS-1,TORNADO,شفاطات مطبخ و حمام,6569,,instock,https://cairosales.com/ar/?controller=product&id_product=3456,https://cairosales.com/6774-thickbox_default/tornado-kitchen-chimney-hood-60-cm-touch-control-stainless-ho60ds-1.jpg,استانلس المقاس: 60 سم وحدة تحكم ديجيتال باللمس شاشة عرض خمس سرعات مؤشر لبيان وقت تغيير الفلتر فلاتر الومنيوم قابلة للغسل الضمان: سنة ضمان مجانى شامل,HO60DS-1,,ستانليس,,,,,,,,,,,,Yes,,60 cm,هرمي,,,,,,,,,,,,,,,750m³/h,,
104062201,43EL8250E-B,شاشة ال اى دى تورنيدو 43 بوصة,ok,شاشة تورنيدو 43 بوصة إل إي دي Full HD مزودة بمدخلين HDMI و مدخلين فلاشة 43EL8250E-B,TORNADO,,12549,,instock,https://cairosales.com/ar/?controller=product&id_product=12111,https://cairosales.com/31958-thickbox_default/tornado-led-tv-43-inch-full-hd-with-2-hdmi-and-2-usb-inputs-43el8250e-b.jpg,تليفزيون تورنيدو إل إي دي 43 بوصة فول اتش دي درجة الوضوح : 1920 × 1080 ( Full HD ) مزود بمدخلين اتش دى ام اى مزود بمدخلين فلاشة بلد المنشأ : مصر 3سنوات ضمان مجاني شامل,43EL8250E-B Bundle,بوصة 43,,,,969.2 mm,242.4 mm,622 mm,,,,,,,,,,,,لا,2,2,لا,لا,لا,,FHD,انلاوج,,,,,,مدخل آريال : 1 ( أنالوج ) مدخل اتش دى ام اى : 2 مدخل فلاشة : 2 مدخل فيديو : 1 مدخل كمبيوتر : 1 قوة الصوت : 2 × 8 وات,
104062256,50US1500E,شاشة تورنيدو 4K سمارت 50 بوصة DLED ، تدعم الواي فاي,ok,تورنيدو شاشة 50 بوصة فور كيه دي ال اي دي سمارت واي فاي TV 50US1500E,TORNADO,شاشات و تليفزيونات,19219,,instock,https://cairosales.com/ar/?controller=product&id_product=31652,https://cairosales.com/78913-thickbox_default/tornado-tv-led-50-4k-smart-dled-wi-fi-50us1500e.jpg,شاشة تليفزيون تورنيدو 4K سمارت 50 بوصة DLED إمكانية الاتصال بالانترنت سلكياً و لاسلكياً إمكانية الدخول على تطبيق Netflix لمشاهدة أحدث المسلسلات و الأفلام مزودة بـ 3 مداخل اتش دي ام اي بلد المنشأ : مصر الضمان : ضمان مجاني شامل لمدة 3 سنوات,50US1500E,,,,,,,,,,,,,,,,,,3840 x 2160,نعم,2,3,لا,لا,,,,دجيتال,,,,,,,15.2 Kg
104062265,43EC3300E,شاشة تليفزيون تورنيدو 43 بوصة FHD دي إل إي دي ريسيفر داخلي,ok,تورنيدو شاشة 43 بوصة FHD دي إل إي دي ريسيفر داخلي TV 43EC3300E,TORNADO,شاشات و تليفزيونات,12649,,instock,https://cairosales.com/ar/?controller=product&id_product=40638,https://cairosales.com/103577-thickbox_default/tornado-fhd-dled-tv-43-inch-built-in-receiver-43ec3300e.jpg,شاشة تليفزيون تورنيدو 43 بوصة فول اتش دي DLED مزودة بريسيفر داخلي مدخلين اتش دي ام اي مدخل فلاشة بلد المنشأ : مصر 3 سنوات ضمان مجاني شامل,43EC3300E,بوصة 43,,,,969 mm,72mm,566mm,,,,,,,,,,,1920*1080,لا,1,2,لا,نعم,لا,,HD,,,,,,,,
104062285,50UA5300E,شاشة تورنيدو 4K بدون فريم 50 بوصة أندرويد ريسيفر داخلي,ok,تورنيدو شاشة 50 بوصة فور كيه بدون فريم سمارت بنظام أندرويد و ريسيفر داخلي TV 50UA5300E,TORNADO,شاشات و تليفزيونات,16489,,instock,https://cairosales.com/ar/?controller=product&id_product=46998,https://cairosales.com/127692-thickbox_default/tornado-4k-smart-frameless-led-tv-50-inch-with-android-system-built-in-receiver-50ua5300e.jpg,شاشة تليفزيون تورنيدو 4K سمارت إل إي دي بدون فريم 50 بوصة بنظام أندرويد 11 مزودة بريسيفر داخلي إمكانية الاتصال بالانترنت سلكياً و لاسلكياً إمكانية الدخول على تطبيق Netflix لمشاهدة أحدث المسلسلات و الأفلام بلد المنشأ : مصر 3 سنوات ضمان مجاني شامل,50UA5300E,بوصة 50,,3 سنوات,مصر,Without base: 1227 mm With base: 1227 mm,Without base: 84 mm With base: 305 mm,Without base: 709 mm With base: 770 mm,,,,,,,,,,,,نعم,2,3,لا,نعم,نعم,Android,UHD 4K,,,,,بدون إطار,,Rf In : 1 ( Digital ) Video In : 1 LAN : 1 Digital audio output : 1 ( Optical ) Headphone socket ( 3.5 mm ) : 1,
104062289,55C6K,شاشة تي سي إل 4K سمارت بدون فريم QD-Mini LED 55 بوصة ريسيفر داخلي,ok,تي سي إل شاشة 4K سمارت بدون فريم QD-Mini LED 55 بوصة ريسيفر داخلي TV 55C6K,TCL,شاشات و تليفزيونات,29999,,instock,https://cairosales.com/ar/?controller=product&id_product=46276,https://cairosales.com/125357-thickbox_default/tcl-4k-smart-frameless-qd-mini-led-tv-55-inch-built-in-receiver-55c6k.jpg,شاشة تي سي إل 4K سمارت بدون فريم 55 بوصة QD-Mini LED 55C6K مزودة بريسيفر داخلي إمكانية الاتصال بالانترنت سلكياً و لاسلكياً إمكانية الدخول على تطبيق Netflix لمشاهدة أحدث المسلسلات و الأفلام بلد المنشأ : مصر ضمان مجاني شامل لمدة سنتين,55C6K,بوصة 55,,عامين,مصر,,,,,,,,,,,,,,,نعم,1,4,لا,نعم,,,UHD 4K,دجيتال,,نعم,,بدون إطار,,,
104062291,55P7K,شاشة تي سي إل 4K سمارت بدون فريم QLED 55 بوصة ريسيفر داخلي,ok,تي سي إل شاشة 4K سمارت بدون فريم QLED 55 بوصة ريسيفر داخلي TV 55P7K,TCL,شاشات و تليفزيونات,23289,,instock,https://cairosales.com/ar/?controller=product&id_product=46278,https://cairosales.com/125368-thickbox_default/tcl-4k-qled-smart-frameless-tv-55-inch-built-in-receiver-55p7k.jpg,شاشة تليفزيون تي سي إل 4K سمارت إل إي دي بدون فريم الترا اتش دي 55 بوصة 120 هرتز بنظام جوجل تي في مزودة بريسيفر داخلي إمكانية الاتصال بالانترنت سلكياً و لاسلكياً إمكانية الدخول على تطبيق Netflix لمشاهدة أحدث المسلسلات و الأفلام بلد المنشأ : مصر سنتين ضمان مجاني شامل,55P7K,بوصة 55,,عامين,مصر,,,,,,,,,,,,,,,نعم,1,1,لا,نعم,,,UHD 4K,دجيتال,,نعم,,بدون إطار,,,
111019002,HCA62640BE,شفاط مطبخ 60 سم - زجاج اسود - مدخنة,ok,بيكو شفاط بالمدخنة 60 سم 537 م3/ساعة لون اسود HCA62640BE,BEKO,شفاطات مطبخ و حمام,7604,,instock,https://cairosales.com/ar/?controller=product&id_product=11301,https://cairosales.com/29331-thickbox_default/beko-kitchen-chimney-hood-60cm-537-m3h-black-hca62640be.jpg,شفاط 60 سم لون اسود قوة الشفط 537 متر مكعب فالساعة الحجم 59.6*36.5*38.6 سم اضاءه LED,HCA62640BE,,أسود,5 أعوام,تركيا,59.6 cm,,,,,,,,,Yes,,60 cm,هرمي,,,,,,,,,,,,,,,537 m³/h,,
111019003,CFB 9433 XF,شفاط مطبخ بيكو 90 سم - استانلس -2 موتور- مدخنة,no_exact_match,,,,,,,,,,,,,,,,,,,,,,,,,,,,,,,,,,,,,,,,,,,,
111019006,CWB 9441 XNH,بيكو شفاط بالمدخنة 90 سم,ok,بيكو شفاط هرمي بلت أن 90 سم 400م3/ساعة استانلس ستيل CWB9441XNH,BEKO,شفاطات مطبخ و حمام,10299,,instock,https://cairosales.com/ar/?controller=product&id_product=26046,https://cairosales.com/72174-thickbox_default/beko-chimney-hood-built-in-90cm-400m3h-stainless-cwb9441xnh.jpg,شفاط بلت ان 90 سم مثبت على الحائط ارتفاع 25 سم إظهار 89.8 سم عمق 47 سم الوزن 11.4 كجم,CWB9441XNH,,ستانليس,,,90cm,,,,,,,,,,,90 cm,هرمي,,,,,,,,,,,,,,,400 m³/h,,
112019001,BOCP413/G,بومباني شفاط هرمي بالمدخنة 60 سم 550 م3/ساعة 4 سرعات لون استانليس ستيل,ok,بومباني شفاط هرمي بالمدخنة 60 سم 550 م3/ساعة 4 سرعات لون استانليس ستيل BOCP413/G,Bompani,شفاطات مطبخ و حمام,5675,,instock,https://cairosales.com/ar/?controller=product&id_product=11567,https://cairosales.com/30450-thickbox_default/bompani-kitchen-chimney-pyramid-hood-60-cm-550-m3h-4-speeds-stainless-steel-bocp413g.jpg,شفاط هرمي 60 سم بالمدخنة ستانليس ستيل 4 سرعات قوة الشفط 550 م3ساعة,BOCP413/G,60 سم,ستانليس,,,,,,,,,,,,Yes,,60 cm,هرمي,,,,,,,,,,,,,,,550m³/h,,
115019001,AHPN 9.4F LM X,شفاط اريستون 90 سم هرمي بالمدخنة 416م3/ثانية استانليس,no_exact_match,,,,,,,,,,,,,,,,,,,,,,,,,,,,,,,,,,,,,,,,,,,,
115019014,ARO V9442 F BNA,شفاط اريستون 90 سم ديجيتال,no_exact_match,,,,,,,,,,,,,,,,,,,,,,,,,,,,,,,,,,,,,,,,,,,,
117019028,STRIPE-LUX-90-BL-KL,إليكا شفاط ديكوري 90 سم 900 م3/ساعة لون اسود,no_exact_match,,,,,,,,,,,,,,,,,,,,,,,,,,,,,,,,,,,,,,,,,,,,
117019033,CONCORDE 60,إليكا شفاط حفر 60 سم 400 م3/ساعة 2 موتور استانلس استيل,no_exact_match,,,,,,,,,,,,,,,,,,,,,,,,,,,,,,,,,,,,,,,,,,,,
117019042,Krea-60-KL,إليكا كيتشن لاين شفاط 60 سم - 450 متر مكعب/ساعة لون استانلس ستيل,no_exact_match,,,,,,,,,,,,,,,,,,,,,,,,,,,,,,,,,,,,,,,,,,,,
117019044,ELICA JOY-PRF0104626A,شفاط حرف تي 90 سم جوي بدون فلتر قوه شفط 1000كم/س,no_exact_match,,,,,,,,,,,,,,,,,,,,,,,,,,,,,,,,,,,,,,,,,,,,
117019045,KREA-BLACK-KL,إليكا كيتشن لاين شفاط 60 سم- 450 متر مكعب/ساعة لون أسود,no_exact_match,,,,,,,,,,,,,,,,,,,,,,,,,,,,,,,,,,,,,,,,,,,,
117019051,TAMAYA-90-KL,إليكا شفاط هرمي 90 سم 600 متر3/ ساعة لون أسود,no_exact_match,,,,,,,,,,,,,,,,,,,,,,,,,,,,,,,,,,,,,,,,,,,,
117019052,TAMAYA-90-ST-KL,إليكا شفاط هرمي 90 سم 600 م3/ ساعة ستانلس ستيل,no_exact_match,,,,,,,,,,,,,,,,,,,,,,,,,,,,,,,,,,,,,,,,,,,,
120062396,QA55QN85DB,سامسونج شاشة 55 بوصة كيو ال اي دي الترا اتش دي فور كاي فئه نيو سمارت وايرلس برسيفر داخل,not_found,,,,,,,,,,,,,,,,,,,,,,,,,,,,,,,,,,,,,,,,,,,,
120062405,QA65LS03D,سامسونج شاشة 65 بوصة كيو إل إي دي ألترا إتش دي 4 كيه سمارت 3840*2160 بيكسل,not_found,,,,,,,,,,,,,,,,,,,,,,,,,,,,,,,,,,,,,,,,,,,,
120062432,43Q7F,سامسونج شاشة 43 بوصة QLED Q7F Vision AI TV,ok,سامسونج شاشة 43 بوصة QLED Q7F Vision AI TV 43Q7F,SAMSUNG,شاشات و تليفزيونات,19299,20449,instock,https://cairosales.com/ar/?controller=product&id_product=44469,https://cairosales.com/117078-thickbox_default/samsung-43-inch-class-qled-q7f-series-vision-ai-smart-tv-43q7f.jpg,تقنية العرض: QLED دقة 4K معدل تحديث 60 هرتز ميزة خاصة: مكبر صوت مدمج، وضع الألعاب المكونات المضمنة: دليل المستخدم، حامل، جهاز تحكم عن بُعد، كابل طاقة تقنية الاتصال: بلوتوث، واي فاي، USB، إيثرنت، HDMI نسبة العرض إلى الارتفاع: 16:9 3 منافذ HDMI منفذ USB واحد,43Q7F,بوصة 43,,عامين,مصر,,,,,,,,,,,,,,,نعم,1,3,لا,نعم,نعم,,UHD 4K,دجيتال,,نعم,,,,,
120062440,65QN80F,سامسونج شاشة سمارت 65 بوصة نيو كيو ال اي دي,ok,سامسونج شاشة سمارت 65 بوصة Neo QLED TV 65QN80F,SAMSUNG,شاشات و تليفزيونات,51149,59999,instock,https://cairosales.com/ar/?controller=product&id_product=44461,https://cairosales.com/117020-thickbox_default/samsung-neo-qled-mini-led-tv-65-inch-smart-65qn80f.jpg,نيو كيو إل إي دي منصة تايزن الذكية دقة الشاشة 4K UHD 3840x2160 نظام الصوت، W 40 الشاشة قطر الشاشة 65 بوصة شكل الشاشة: مسطح نوع الإضاءة الخلفية LED: Mini LED نوع مصفوفة QLED منفذ HDMI، 4 منافذ منفذ USB، منفذان,65QN80F,بوصة 65,,عامين,مصر,,,,,,,,,,,,,,,نعم,2,4,لا,نعم,نعم,,,,,,,,,,
120062442,55QN70F,سامسونج شاشة 55 بوصة كيو إل إي دي ألترا إتش دي 4 كاي سمارت وايرلس بريسيفر داخلي,ok,سامسونج شاشة 55 بوصة كيو إل إي دي ألترا إتش دي 4 كاي سمارت وايرلس بريسيفر داخلي TV 55QN70F,SAMSUNG,شاشات و تليفزيونات,31719,33999,instock,https://cairosales.com/ar/?controller=product&id_product=44860,https://cairosales.com/118862-thickbox_default/samsung-55-neo-qled-qn70f-4k-vision-ai-smart-tv-55qn70f.jpg,حجم الشاشة ٥٥ بوصة معدل التحديث الأصلي ١٠٠ هرتز (حتى ١٤٤ هرتز) دقة ٤K (٣٨٤٠ × ٢١٦٠) NeoQLED ٤ منافذ HDMI منفذا USB × USB-A,55QN70F,بوصة 55,,عامين,مصر,,,,,,,,,,,,,,"7,680 x 4,320",نعم,2,4,,نعم,نعم,,UHD 4K,دجيتال,نعم,نعم,,بدون إطار,,,
120062467,77S85F,سامسونج شاشة سمارت 77 بوصة فائق الدقة اوليد 4 كيه,ok,سامسونج شاشة سمارت 77 بوصة فائق الدقة اوليد 4 كيه TV 77S85F,SAMSUNG,شاشات و تليفزيونات,106999,122999,instock,https://cairosales.com/ar/?controller=product&id_product=44452,https://cairosales.com/116999-thickbox_default/samsung-77-inch-oled-smart-tv-3840x2160-77s85f.jpg,نوع التلفزيون: OLED منصة ذكية: Tizen دقة الشاشة: 4K UHD (3840x2160) الشاشة: 77 بوصة 4 منافذ HDMI منفذا USB,77S85F,77 بوصة,,عامين,مصر,,,,,,,,,,,,,,,نعم,2,4,لا,نعم,نعم,,,,,,,,,,
120062480,77S90F,سامسونج تلفزيون ذكي 77 بوصة OLED 4 كيه TV,ok,سامسونج تلفزيون ذكي 77 بوصة OLED 4 كيه TV 77S90F,SAMSUNG,شاشات و تليفزيونات,154699,172999,instock,https://cairosales.com/ar/?controller=product&id_product=46047,https://cairosales.com/124764-thickbox_default/samsung-77-class-oled-s90f-4k-vision-ai-smart-tv-77s90f.jpg,حجم الشاشة: 77 بوصة الدقة: 4K (3840 × 2160) معدل التحديث: 120 هرتز (حتى 144 هرتز) OLED HDR HDR 10+ HDMI 4 USB 3 x USB-A,77S90F,77 بوصة,,عامين,مصر,,,,,,,,,,,,,,,نعم,3,4,لا,نعم,نعم,Tizen,UHD 4K,دجيتال,نعم,,,بدون إطار,,,
120062491,UA50U8000HUXEG,شاشة سامسونج 50 بوصه سمارت,not_found,,,,,,,,,,,,,,,,,,,,,,,,,,,,,,,,,,,,,,,,,,,,
120062493,UA65M70HAUXEG,شاشة سامسونج 65 بوصه سمارت,not_found,,,,,,,,,,,,,,,,,,,,,,,,,,,,,,,,,,,,,,,,,,,,
120062494,UA65U8000HUXEG,شاشة سامسونج 65 بوصه سمارت,not_found,,,,,,,,,,,,,,,,,,,,,,,,,,,,,,,,,,,,,,,,,,,,
120062496,UA65M80H,شاشة تلفزيون سمارت سامسونج 65 بوصه بدقة 4K UHD,not_found,,,,,,,,,,,,,,,,,,,,,,,,,,,,,,,,,,,,,,,,,,,,
120062499,QA55S85HAEXEG,شاشة سامسونج سمارت 55 بوصة,not_found,,,,,,,,,,,,,,,,,,,,,,,,,,,,,,,,,,,,,,,,,,,,
120062515,77S85H,سامسونج شاشة 77 بوصة Class OLED Ultra HD 4K سمارت,ok,سامسونج شاشة 77 بوصة Class OLED Ultra HD 4K سمارت Vision AI HDR 77S85H,SAMSUNG,شاشات و تليفزيونات,126479,135999,instock,https://cairosales.com/ar/?controller=product&id_product=50083,https://cairosales.com/136264-thickbox_default/samsung-77-inch-class-oled-ultra-hd-4k-smart-vision-ai-hdr-77s85h.jpg,تقنية العرض: OLED الدقة: 4K معدل التحديث: 120 هرتز نسبة العرض إلى الارتفاع: 16:9 نسبة التباين: عالية تنسيق HDR المدعوم: HDR10+ تقنية تحسين الحركة: Motion Xcelerator 120Hz تقنية تحسين جودة الصورة: تقنيات تحسين الصورة القائمة على الذكاء الاصطناعي تقنية الإضاءة الخلفية للشاشة: ذاتية الإضاءة معدل تحديث الشاشة بالهرتز: 120 الأبعاد مع الحامل: 1225.7 × 764.4 × 235.3 مم الأبعاد بدون الحامل: 1225.7 × 705.6 × 33.9 مم تقنية الاتصال: بلوتوث، HDMI، USB، واي فاي مدخل الصوت: HDMI، USB تنسيق الإشارة: رقمي (HDMI، USB، واي فاي، بلوتوث) إجمالي عدد منافذ HDMI: 4 واجهة الأجهزة: بلوتوث، HDMI، USB تقنية الاتصال اللاسلكي: واي فاي، بلوتوث، ميراكاست، إيربلاي إصدار البلوتوث: 5.3 نوع الموصل: إيثرنت، HDMI، USB إجمالي منافذ USB 3.0: 2 إجمالي منافذ USB: 2 نوع التثبيت: تثبيت على الحائط معيار تثبيت VESA: 300 × 200 مم,77S85H,77 بوصة,,عامين,مصر,,,,,,,,,,,,,,,نعم,2,4,,نعم,نعم,,HD,دجيتال,نعم,نعم,,,,,
120062520,QA65LS03H,شاشه سامسونج 65 بوصه سمارت,not_found,,,,,,,,,,,,,,,,,,,,,,,,,,,,,,,,,,,,,,,,,,,,
120062526,100M90H,سامسونج شاشة سمارت 100 بوصة,ok,سامسونج شاشة سمارت 100 بوصة Mini LED 4K M90H 100M90H,SAMSUNG,شاشات و تليفزيونات,189999,199999,instock,https://cairosales.com/ar/?controller=product&id_product=52004,https://cairosales.com/141007-thickbox_default/samsung-mini-led-4k-m90h-100-inch-smart-100m90h.jpg,"نوع الشاشة: LED الدقة: 4K (2160p) فئة حجم الشاشة: 100 بوصة النطاق الديناميكي العالي (HDR): نعم صيغة النطاق الديناميكي العالي: HDR 10+ نوع لوحة LED: Mini-LED نوع الإضاءة الخلفية: إضاءة مباشرة (Direct Lit) معدل التحديث: 144 هرتز تقنية تحسين الحركة: Motion Xcelerator: 144 هرتز المنصة الذكية: Tizen خدمات البث المميزة: Disney+, Netflix, Prime Video, YouTube عدد مداخل HDMI (الإجمالي): 3 نوع موالف التلفزيون: ATSC, Clear QAM يعمل مع: SmartThings المساعد الصوتي المدمج: Bixby, Amazon Alexa اسم المنتج: تلفزيون Samsung الذكي بنظام Tizen وتقنية Mini LED ودقة 4K UHD ومعالج SamsungVision AI - فئة 100 بوصة، سلسلة M90H (إصدار 2026) عدد مداخل HDMI (الإجمالي): 3 موصلات الشاشة: 3 × HDMI منافذ USB: 2 × USB-A",100M90H,100 بوصة,,عامين,مصر,,,,,,,,,,,,,,,نعم,2,3,لا,نعم,نعم,,,,,,,,,,
125019003,GHC951X,شفاط جليم جاز 90 سم ستانلس 2 موتور(G),not_found,,,,,,,,,,,,,,,,,,,,,,,,,,,,,,,,,,,,,,,,,,,,
125019008,GHP980IX,شفاط جليم جاز 90 سم هرمي,ok,شفاط جليم جاز 90 سم هرمى استانليس GHP980IX,Glem Gas,شفاطات مطبخ و حمام,16599,,instock,https://cairosales.com/ar/?controller=product&id_product=17452,https://cairosales.com/48269-thickbox_default/glem-gas-90-cm-chimney-hoods-stainless-ghp980ix.jpg,شفاط هرمي بالمدخن صنع في إيطاليا ستانلس ستيل بالمدخنة 2 فلتر كربون + 3 فلتر ستانلس ستيل شفط قدرة 770 م 3 / ساعة عرض 90 سم 3 سرعات انارة 5 سنوات ضمان,GHP980IX,,,,,,,,,,,,,,,,,هرمي,,,,,,,,,,,,,,,770 m3/h,,
172019011,BH90DR01,سيمفر شفاط ديكوري 90 سم 800 متر مكعب / ساعة زجاج أسود,ok,سيمفر شفاط ديكوري 90 سم 800 متر مكعب / ساعة لون أسود BH90DR01,Simfer,منتجات بيلت إن,10158,,instock,https://cairosales.com/ar/?controller=product&id_product=49096,https://cairosales.com/132631-thickbox_default/simfer-decorative-hood-90-cm-800-m3h-black-bh90dr01.jpg,شفاط مطبخ مزخرف ٩٠ سم زجاج أسود ٣ سرعات محرك ٨٠٠ واط فلتر كربوني إضاءة LED مدخنة مزدوجة جهاز تحكم عن بعد,BH90DR01,,أسود,,,,,,,,,,,,,,90 cm,هرمي,,,,,,,,,,,,,,,800,,
172019012,S-8981SM,سيمفر شفاط بروفيشنال 90 سم 650 متر مكعب / ساعة تحكم,no_exact_match,,,,,,,,,,,,,,,,,,,,,,,,,,,,,,,,,,,,,,,,,,,,
185062033,H55S90EU,شاشة هاير 55 بوصة اوليد سمارت بدقة 4K UHD مع ريسيفر داخلي,ok,هاير شاشة 55 بوصة سمارت 4K QLED UHD بدون اطار برسيفر داخلى H55S90EU,Haier,شاشات و تليفزيونات,24499,,instock,https://cairosales.com/ar/?controller=product&id_product=40814,https://cairosales.com/104338-thickbox_default/haier-55-inch-4k-uhd-smart-qled-tv-with-built-in-receiver-h55s90eu.jpg,شاشة 55 بوصة TV Google Frameless Smart 144 Hz ريسيفر داخلى تحكم صوتى من خلال الشاشة مباشره 4 اتش دي ام اي 2 يو اس بي مساحة داخلية 32 جيجا بايت و 2 رام ميمورى,H65S80EU,بوصة 55,,عامين,مصر,,,,,,,,,,,,,,,نعم,2,4,لا,نعم,نعم,,UHD 4K,دجيتال,,,,,,,
185062039,H43K75FFX,هاير شاشة 43 بوصة ال اى دى FHD بريسيفر بيلت ان,not_found,,,,,,,,,,,,,,,,,,,,,,,,,,,,,,,,,,,,,,,,,,,,
185062045,H50S80GUX,شاشة تلفزيون سمارت بدون إطار هاير ، مقاس 50 بوصة ، QLED ، دقة 4K UHD ، بريسيفر داخلي,ok,هاير شاشة 50 بوصة سمارت 4 K QLED UHD بدون اطار برسيفر داخلى H50S80GUX,Haier,شاشات و تليفزيونات,18914,,instock,https://cairosales.com/ar/?controller=product&id_product=50960,https://cairosales.com/138320-thickbox_default/haier-50-inch-frameless-4k-uhd-smart-qled-tv-with-built-in-receiver-h50s80gux.jpg,البراند: هاير النوع: شاشة تلفزيون سمارت التصميم: بدون إطار الدقة: 4K UHD (3840x2160) نوع الشاشة: QLED أهم المميزات: ميزة البحث الصوتي الاتصال الذكي: واي فاي الاتصال: USB و 4 منافذ HDMI الموديل: H50S80GUX,H50S80GUX,بوصة 50,,عامين,مصر,,,,,,,,,,,,,,,نعم,2,4,لا,نعم,نعم,,UHD 4K,,,,,,,,
185062046,65H6GUX,شاشة هاير تلفزيون ذكي بمقاس 65 بوصة ريسيفر مدمج، وتعمل بتقنية QLED ودقة 4K,no_exact_match,,,,,,,,,,,,,,,,,,,,,,,,,,,,,,,,,,,,,,,,,,,,
188019002,HHO90TASS,شفاط هايسنس بلت ان 90سم هرمي ستانلس,not_found,,,,,,,,,,,,,,,,,,,,,,,,,,,,,,,,,,,,,,,,,,,,
188062017,43A4K,هايسنس شاشة 43 بوصة FHD بدون فريم سمارت H-43A4K,not_found,,,,,,,,,,,,,,,,,,,,,,,,,,,,,,,,,,,,,,,,,,,,
190019002,CFB-600AXA,شفاط بلت ان فاجور 60 سم ديكورى استانلس,not_found,,,,,,,,,,,,,,,,,,,,,,,,,,,,,,,,,,,,,,,,,,,,
190019005,CFI-60AXA,شفاط بلت ان هرمى فاجور 60 سم قوة 650 م3/ساعة استانلس,not_found,,,,,,,,,,,,,,,,,,,,,,,,,,,,,,,,,,,,,,,,,,,,
200062040,M43UW680,شاشة ال اى دى يونيون اير 43 بوصة سمارت,not_found,,,,,,,,,,,,,,,,,,,,,,,,,,,,,,,,,,,,,,,,,,,,
200062045,M43UX700,شاشة ال اى دى يونيون اير 43 بوصة سمارت,not_found,,,,,,,,,,,,,,,,,,,,,,,,,,,,,,,,,,,,,,,,,,,,
211019003,IHPC 9.4 AM X,شفاط اندست هرمى 90 420 م/ثانية استانلس,not_found,,,,,,,,,,,,,,,,,,,,,,,,,,,,,,,,,,,,,,,,,,,,
211019004,ISLK-96-LS-X,شفاط مطبخ انديست بدون مدخنة بقوة شفط 208م3/س 90 سم,not_found,,,,,,,,,,,,,,,,,,,,,,,,,,,,,,,,,,,,,,,,,,,,
211019008,IHPC 6.4 AM X,أنديست شفاط هرمي 60 سم بالمدخنة 416 م3/ثانية استانليس,not_found,,,,,,,,,,,,,,,,,,,,,,,,,,,,,,,,,,,,,,,,,,,,
230019005,DWP94CC50T,شفاط هرمى بوش 90 سم استانلس,not_found,,,,,,,,,,,,,,,,,,,,,,,,,,,,,,,,,,,,,,,,,,,,
230019006,DWP64CC60Z,بوش شفاط مطبخ 60 سم ثلاث سرعات بقوة 380 متر مكعب/ ساعة أسود,not_found,,,,,,,,,,,,,,,,,,,,,,,,,,,,,,,,,,,,,,,,,,,,
230019012,DWK065G60,بوش شفاط مطبخ 60 سم ثلاث سرعات بقوة 539 متر مكعب/ ساعة زجاج شفاف أسود,not_found,,,,,,,,,,,,,,,,,,,,,,,,,,,,,,,,,,,,,,,,,,,,
230019021,DWB64BC52,بوش شفاط مطبخ 60 سم ثلاث سرعات بقوة 365 متر مكعب/ ساعة ستانلس ستيل,not_found,,,,,,,,,,,,,,,,,,,,,,,,,,,,,,,,,,,,,,,,,,,,
230019025,DWK97PJ60T,بوش شفاط مطبخ 90 سم بقوة 700 متر مكعب/ ساعة تحكم باللمس سرعتان زجاج أسود,not_found,,,,,,,,,,,,,,,,,,,,,,,,,,,,,,,,,,,,,,,,,,,,
236019007,K802/90/2SLD,شفاط تربوا اير 90 سم 2 مفتاح ايطالى,not_found,,,,,,,,,,,,,,,,,,,,,,,,,,,,,,,,,,,,,,,,,,,,
236019030,MORAN LUX90,شفاط موران لوكس 90 سم,not_found,,,,,,,,,,,,,,,,,,,,,,,,,,,,,,,,,,,,,,,,,,,,
248019025,FHC90S75MLGG-16044,شفاط فريش 90 سم بالمدخنة,not_found,,,,,,,,,,,,,,,,,,,,,,,,,,,,,,,,,,,,,,,,,,,,
248019028,FHE90D7-17738,فريش شفاط 90 سم مدخنة رجاج مائل مزدوج فينيس,not_found,,,,,,,,,,,,,,,,,,,,,,,,,,,,,,,,,,,,,,,,,,,,
248062014,43LF322RE-12618,شاشة ال اى دى فريش بالريسيفر 43 بوصة,not_found,,,,,,,,,,,,,,,,,,,,,,,,,,,,,,,,,,,,,,,,,,,,
248062019,55LU434R-14901,شاشة فريش 55 بوصة سمارت لينوكس,not_found,,,,,,,,,,,,,,,,,,,,,,,,,,,,,,,,,,,,,,,,,,,,
257019028,FJO- 624 XS,شفاط بلت ان فرانكي,not_found,,,,,,,,,,,,,,,,,,,,,,,,,,,,,,,,,,,,,,,,,,,,
257019029,FPJ 915 V BK/SS,شفاط فرانكى,not_found,,,,,,,,,,,,,,,,,,,,,,,,,,,,,,,,,,,,,,,,,,,,
270019008,901CH-ROMA,اي كوك شفاط مطبخ 90 سم روما,not_found,,,,,,,,,,,,,,,,,,,,,,,,,,,,,,,,,,,,,,,,,,,,
273019007,OWCHR 66 I CF,اوشن شفاط هرمى 60 سم استانلس,not_found,,,,,,,,,,,,,,,,,,,,,,,,,,,,,,,,,,,,,,,,,,,,
273019009,OD2CHR 94 BG CF,اوشن شفاط هرمى زجاج 90 سم اسود,not_found,,,,,,,,,,,,,,,,,,,,,,,,,,,,,,,,,,,,,,,,,,,,
278019050,H9110MRTX,ايكوماتيك شفاط ديجيتال تاتش بالمدخنة 90 سم 1000 م3/ساعة تاتش استانلس ستيل ريموت كنترول,not_found,,,,,,,,,,,,,,,,,,,,,,,,,,,,,,,,,,,,,,,,,,,,
278019069,H6210FOT,ايكوماتيك شفاط ديكور مائل 60 سم 1000 م3/ساعة 3 سرعات كريستال اسود*استانليس,not_found,,,,,,,,,,,,,,,,,,,,,,,,,,,,,,,,,,,,,,,,,,,,
278019105,H910BKB,إيكوماتيك شفاط هرمي 90 سم قوة 1000م/الساعة اسود,not_found,,,,,,,,,,,,,,,,,,,,,,,,,,,,,,,,,,,,,,,,,,,,
278019109,H65FBK,ايكوماتيك شفاط كلاسيك 60 سم 500 م3/ساعة 2 موتور اسود,not_found,,,,,,,,,,,,,,,,,,,,,,,,,,,,,,,,,,,,,,,,,,,,
278019118,H6308TT,ايكوماتيك شفاط ديكوريتف بالمدخنة 60 سم 850 م3/ساعة 3 سرعات لوحة تحكم لون أسود تاتش بالريمو,not_found,,,,,,,,,,,,,,,,,,,,,,,,,,,,,,,,,,,,,,,,,,,,
278019124,H910MRB,شفاط إيكوماتيك 90 سم أسود ديكوريتف مائل كريستال أسود تاتش بالريموت 3 سرعات قوة شفط 1000 م,not_found,,,,,,,,,,,,,,,,,,,,,,,,,,,,,,,,,,,,,,,,,,,,
286019016,ECH 642 XR,البا شفاط ديكوري مائل 60 سم 850 م3/ساعة لون اسود ديجيتال تاتش,not_found,,,,,,,,,,,,,,,,,,,,,,,,,,,,,,,,,,,,,,,,,,,,
287019014,PWHT628EX,شفاط جرونيا فلات 60 سم استانلس ستيل اضاءة هالوجين 3 سرعات,not_found,,,,,,,,,,,,,,,,,,,,,,,,,,,,,,,,,,,,,,,,,,,,
287019015,PWHC628EX,شفاط جرونيا هرمى 60 استانلس,not_found,,,,,,,,,,,,,,,,,,,,,,,,,,,,,,,,,,,,,,,,,,,,
287019022,WHI944EB,جورينيا شفاط ديكور 90 سم اسود قوه الشفط 671م3/س,not_found,,,,,,,,,,,,,,,,,,,,,,,,,,,,,,,,,,,,,,,,,,,,
287019023,WHC924EX,جورينيا شفاط هرمى 90 سم استانلس قوة الشفط 695,not_found,,,,,,,,,,,,,,,,,,,,,,,,,,,,,,,,,,,,,,,,,,,,
287019026,WHI644EB,شفاط جورونيا بلت ان 60سم مائل ديكوري تاتش اسود,not_found,,,,,,,,,,,,,,,,,,,,,,,,,,,,,,,,,,,,,,,,,,,,
290062006,UT32AS,شاشة الترا 32 بوصة سمارت,not_found,,,,,,,,,,,,,,,,,,,,,,,,,,,,,,,,,,,,,,,,,,,,
292062007,50U51,تليفزيون سمارت اندرويد بدون اطار سينكس، 50 بوصة، 4K، مزود برسيفر داخلي,ok,سينكس شاشة 50 بوصة إل إي دي فور كيه برسيفر داخلي سمارت اندرويد S-50U51,Syinix,شاشات و تليفزيونات,12599,,instock,https://cairosales.com/ar/?controller=product&id_product=41076,https://cairosales.com/105925-thickbox_default/syinix-led-50-tv-4k-smart-android-panal-a-with-built-in-receiver-50u51.jpg,اكتشف تلفزيون UHD 4K تفاصيل غنية أكثر من 1000 ساعة من المحتوى غير المحدود بما في ذلك Netflix وYouTube تقنية اتش دي ار بي كيو مكبر صوت HIFI BOX بقدرة 24 وات نظام تشغيل أندرويد 11 معتمد التحكم الصوتي عن بعد تصميم بدون إطار مساعد جوجل,50U51,بوصة 50,,,,,,,,,,,,,,,,,3840 x 2160 pixel,نعم,2,3,لا,نعم,,Android,UHD 4K,,,,,,,,
342019010,Elegance Red-60,هانز شفاط بلت ان 60 سم زجاجي بمدخنة 1000 م 3 / ساعة تاتش بالريموت كنترول,not_found,,,,,,,,,,,,,,,,,,,,,,,,,,,,,,,,,,,,,,,,,,,,
342019029,STILO ST90-1000 Black,هانز شفاط اسود 90سم 1000م/3,not_found,,,,,,,,,,,,,,,,,,,,,,,,,,,,,,,,,,,,,,,,,,,,
395019012,AUTOSMARTBL90,بيوريتى شفاط مطبخ 90 سم بقوة 1000 م 3 / ساعة,not_found,,,,,,,,,,,,,,,,,,,,,,,,,,,,,,,,,,,,,,,,,,,,
395019013,CAPPE-BL90cm-1000m3/h,بيوريتى شفاط مطبخ 90 سم كابيه 1000 م 3 / ساعة,not_found,,,,,,,,,,,,,,,,,,,,,,,,,,,,,,,,,,,,,,,,,,,,
395019053,FLATO PRO 60 DBL PLUS,بيوريتى شفاط مطبخ 60 سم بيلت ان بقوة شفط 1000م3/ساعة اللون أسود,not_found,,,,,,,,,,,,,,,,,,,,,,,,,,,,,,,,,,,,,,,,,,,,
395019055,ETO-PRO PLUS 90X,بيوريتي شفاط 90 سم 1000 م3/ساعة 3 سرعات لون سيلفر,not_found,,,,,,,,,,,,,,,,,,,,,,,,,,,,,,,,,,,,,,,,,,,,
395019057,GL PRO PLUS 90 BL,شفاط بيورتي 90سم 1000م3/س اسود,not_found,,,,,,,,,,,,,,,,,,,,,,,,,,,,,,,,,,,,,,,,,,,,
395019074,ETO PRO PLUS 60 X,بيورتي شفاط هرمي60سم 3 سرعات قوه شفط 1000 م/ساعه لون سيلفر,not_found,,,,,,,,,,,,,,,,,,,,,,,,,,,,,,,,,,,,,,,,,,,,
440062004,43FLS,شاشة بلوتو 43 بوصة سمارت ريسيفر داخلى,not_found,,,,,,,,,,,,,,,,,,,,,,,,,,,,,,,,,,,,,,,,,,,,
446062004,3020906-50LG8070Q,شاشة تلفزيون سمارت ليفون ، مقاس 50 بوصة ، QLED ، دقة 4K UHD ، بريسيفر داخلي - مع,not_found,,,,,,,,,,,,,,,,,,,,,,,,,,,,,,,,,,,,,,,,,,,,
471062010,ARM43VA4S,ارماديللو شاشة تليفزيون ذكى مقاس 43 بوصه كامل عالي الدقه، اندرويد13، بدون إطار،ريسيفر داخل,not_found,,,,,,,,,,,,,,,,,,,,,,,,,,,,,,,,,,,,,,,,,,,,
482019008,AUTO,تيفا شفاط مطبخ زجاجى بيلت ان 90 سم 3 سرعات قوة شفط 1000 متر مكعب/ساعه مزود بريموت كنترول,not_found,,,,,,,,,,,,,,,,,,,,,,,,,,,,,,,,,,,,,,,,,,,,
520062001,98C7K,شاشة تي سي إل 4K سمارت بدون فريم QD-Mini LED 98 بوصة ريسيفر داخلي,not_found,,,,,,,,,,,,,,,,,,,,,,,,,,,,,,,,,,,,,,,,,,,,
520062005,85C6K,شاشة تي سي إل 4K سمارت بدون فريم QD-Mini LED 85 بوصة ريسيفر داخلي,not_found,,,,,,,,,,,,,,,,,,,,,,,,,,,,,,,,,,,,,,,,,,,,
523062001,K55MA500D,شاشة كاچيتو 4K سمارت بدون فريم Mini-Led 55 بوصة ريسيفر داخلي,not_found,,,,,,,,,,,,,,,,,,,,,,,,,,,,,,,,,,,,,,,,,,,,
523062002,K65MA500D,شاشة كاچيتو 4K سمارت بدون فريم Mini-Led 65 بوصة ريسيفر داخلي,not_found,,,,,,,,,,,,,,,,,,,,,,,,,,,,,,,,,,,,,,,,,,,,
523062004,K55QA501D,شاشة كاچيتو 4K سمارت بدون فريم 55 بوصة QLED ريسيفر داخلي,not_found,,,,,,,,,,,,,,,,,,,,,,,,,,,,,,,,,,,,,,,,,,,,
